prompt_version,call_id,provider_status,model,prompt_hash,input_hash,attempts,latency_ms,input_tokens,output_tokens,criterion_id,status,explanation,utterance_ids,quotes,review_required
v1,CALL-001,demo,demo-fixture,341e56f9a08f1ac72d001ea979a7b1b1249905f7a2f4a2542b99a52e5de82521,3cf00ef8922839a8f368214c083680d4f3152cda28b08b2dfda31599c00e302f,0,,,,1,met,В указанных репликах есть требуемое действие.,"[""CALL-001-u01""]","[""Здравствуйте, я менеджер учебной команды. Цель — обсудить учёт заявок.""]",False
v1,CALL-001,demo,demo-fixture,341e56f9a08f1ac72d001ea979a7b1b1249905f7a2f4a2542b99a52e5de82521,3cf00ef8922839a8f368214c083680d4f3152cda28b08b2dfda31599c00e302f,0,,,,2,met,В указанных репликах есть требуемое действие.,"[""CALL-001-u02"", ""CALL-001-u03""]","[""Что сейчас мешает работе?"", ""Теряем заявки при передаче между сменами.""]",False
v1,CALL-001,demo,demo-fixture,341e56f9a08f1ac72d001ea979a7b1b1249905f7a2f4a2542b99a52e5de82521,3cf00ef8922839a8f368214c083680d4f3152cda28b08b2dfda31599c00e302f,0,,,,3,met,В указанных репликах есть требуемое действие.,"[""CALL-001-u04"", ""CALL-001-u05""]","[""Сколько человек передают заявки и когда нужна система?"", ""Пять человек, до конца месяца.""]",False
v1,CALL-001,demo,demo-fixture,341e56f9a08f1ac72d001ea979a7b1b1249905f7a2f4a2542b99a52e5de82521,3cf00ef8922839a8f368214c083680d4f3152cda28b08b2dfda31599c00e302f,0,,,,4,met,В указанных репликах есть требуемое действие.,"[""CALL-001-u03"", ""CALL-001-u06""]","[""Теряем заявки при передаче между сменами."", ""Для передачи между пятью сотрудниками предлагаю общую очередь с историей заявки.""]",False
v1,CALL-001,demo,demo-fixture,341e56f9a08f1ac72d001ea979a7b1b1249905f7a2f4a2542b99a52e5de82521,3cf00ef8922839a8f368214c083680d4f3152cda28b08b2dfda31599c00e302f,0,,,,5,not_met,В полной записи клиент не высказывал возражений.,[],[],False
v1,CALL-001,demo,demo-fixture,341e56f9a08f1ac72d001ea979a7b1b1249905f7a2f4a2542b99a52e5de82521,3cf00ef8922839a8f368214c083680d4f3152cda28b08b2dfda31599c00e302f,0,,,,6,met,В указанных репликах есть требуемое действие.,"[""CALL-001-u07"", ""CALL-001-u08""]","[""Пришлю план сегодня, а во вторник в 10:00 вместе посмотрим демо. Подходит?"", ""Да, подходит.""]",False
v1,CALL-001,demo,demo-fixture,341e56f9a08f1ac72d001ea979a7b1b1249905f7a2f4a2542b99a52e5de82521,3cf00ef8922839a8f368214c083680d4f3152cda28b08b2dfda31599c00e302f,0,,,,7,met,В указанных репликах есть требуемое действие.,"[""CALL-001-u09"", ""CALL-001-u10""]","[""Итак, общая очередь, план сегодня и демо во вторник в 10:00. Всё верно?"", ""Да.""]",False
v1,CALL-002,demo,demo-fixture,341e56f9a08f1ac72d001ea979a7b1b1249905f7a2f4a2542b99a52e5de82521,590580df10e75fff30f65f4f4dcaefbf51f3fd811a2825bc447626f825568d57,0,,,,1,met,В указанных репликах есть требуемое действие.,"[""CALL-002-u01""]","[""Выдуманная цитата для проверки механизма.""]",True
v1,CALL-002,demo,demo-fixture,341e56f9a08f1ac72d001ea979a7b1b1249905f7a2f4a2542b99a52e5de82521,590580df10e75fff30f65f4f4dcaefbf51f3fd811a2825bc447626f825568d57,0,,,,2,met,В указанных репликах есть требуемое действие.,"[""CALL-002-u02"", ""CALL-002-u03""]","[""Яка головна проблема?"", ""Не бачимо, які заявки ще без відповіді.""]",True
v1,CALL-002,demo,demo-fixture,341e56f9a08f1ac72d001ea979a7b1b1249905f7a2f4a2542b99a52e5de82521,590580df10e75fff30f65f4f4dcaefbf51f3fd811a2825bc447626f825568d57,0,,,,3,met,В указанных репликах есть требуемое действие.,"[""CALL-002-u04"", ""CALL-002-u05""]","[""Скільки заявок щодня і хто перевіряє чергу?"", ""Двадцять, перевіряє керівник.""]",True
v1,CALL-002,demo,demo-fixture,341e56f9a08f1ac72d001ea979a7b1b1249905f7a2f4a2542b99a52e5de82521,590580df10e75fff30f65f4f4dcaefbf51f3fd811a2825bc447626f825568d57,0,,,,4,met,В указанных репликах есть требуемое действие.,"[""CALL-002-u03"", ""CALL-002-u06""]","[""Не бачимо, які заявки ще без відповіді."", ""Для цих двадцяти заявок пропоную звіт про час без відповіді.""]",True
v1,CALL-002,demo,demo-fixture,341e56f9a08f1ac72d001ea979a7b1b1249905f7a2f4a2542b99a52e5de82521,590580df10e75fff30f65f4f4dcaefbf51f3fd811a2825bc447626f825568d57,0,,,,5,met,В указанных репликах есть требуемое действие.,"[""CALL-002-u07"", ""CALL-002-u08""]","[""Команді буде складно навчитися."", ""Почнемо з одного звіту та проведемо навчання, щоб зменшити навантаження.""]",True
v1,CALL-002,demo,demo-fixture,341e56f9a08f1ac72d001ea979a7b1b1249905f7a2f4a2542b99a52e5de82521,590580df10e75fff30f65f4f4dcaefbf51f3fd811a2825bc447626f825568d57,0,,,,6,met,В указанных репликах есть требуемое действие.,"[""CALL-002-u09"", ""CALL-002-u10""]","[""Надішлю приклад сьогодні, навчання у вівторок о 14:00?"", ""Так.""]",True
v1,CALL-002,demo,demo-fixture,341e56f9a08f1ac72d001ea979a7b1b1249905f7a2f4a2542b99a52e5de82521,590580df10e75fff30f65f4f4dcaefbf51f3fd811a2825bc447626f825568d57,0,,,,7,met,В указанных репликах есть требуемое действие.,"[""CALL-002-u11"", ""CALL-002-u12""]","[""Отже, приклад сьогодні та навчання у вівторок о 14:00. Правильно?"", ""Саме так.""]",True
v1,CALL-003,demo,demo-fixture,341e56f9a08f1ac72d001ea979a7b1b1249905f7a2f4a2542b99a52e5de82521,f34016fc2c3715b08d6a3b102160005af823f054cdac871c29da332fff0afe7c,0,,,,1,met,В указанных репликах есть требуемое действие.,"[""CALL-003-u01""]","[""Здравствуйте, я менеджер учебной команды. Расскажу о нашем сервисе.""]",False
v1,CALL-003,demo,demo-fixture,341e56f9a08f1ac72d001ea979a7b1b1249905f7a2f4a2542b99a52e5de82521,f34016fc2c3715b08d6a3b102160005af823f054cdac871c29da332fff0afe7c,0,,,,2,not_met,"Полная запись содержит соответствующую возможность, но действие не выполнено или противоречит потребности.",[],[],False
v1,CALL-003,demo,demo-fixture,341e56f9a08f1ac72d001ea979a7b1b1249905f7a2f4a2542b99a52e5de82521,f34016fc2c3715b08d6a3b102160005af823f054cdac871c29da332fff0afe7c,0,,,,3,not_met,"Полная запись содержит соответствующую возможность, но действие не выполнено или противоречит потребности.",[],[],False
v1,CALL-003,demo,demo-fixture,341e56f9a08f1ac72d001ea979a7b1b1249905f7a2f4a2542b99a52e5de82521,f34016fc2c3715b08d6a3b102160005af823f054cdac871c29da332fff0afe7c,0,,,,4,insufficient_data,Нужной части или основания для оценки нет в записи.,[],[],False
v1,CALL-003,demo,demo-fixture,341e56f9a08f1ac72d001ea979a7b1b1249905f7a2f4a2542b99a52e5de82521,f34016fc2c3715b08d6a3b102160005af823f054cdac871c29da332fff0afe7c,0,,,,5,not_met,"Полная запись содержит соответствующую возможность, но действие не выполнено или противоречит потребности.","[""CALL-003-u03"", ""CALL-003-u04""]","[""Я пока не понимаю, зачем он нам."", ""Давайте я отправлю общий каталог сегодня.""]",False
v1,CALL-003,demo,demo-fixture,341e56f9a08f1ac72d001ea979a7b1b1249905f7a2f4a2542b99a52e5de82521,f34016fc2c3715b08d6a3b102160005af823f054cdac871c29da332fff0afe7c,0,,,,6,met,В указанных репликах есть требуемое действие.,"[""CALL-003-u04"", ""CALL-003-u05""]","[""Давайте я отправлю общий каталог сегодня."", ""Хорошо, отправьте.""]",False
v1,CALL-003,demo,demo-fixture,341e56f9a08f1ac72d001ea979a7b1b1249905f7a2f4a2542b99a52e5de82521,f34016fc2c3715b08d6a3b102160005af823f054cdac871c29da332fff0afe7c,0,,,,7,not_met,"Полная запись содержит соответствующую возможность, но действие не выполнено или противоречит потребности.",[],[],False
v1,CALL-004,demo,demo-fixture,341e56f9a08f1ac72d001ea979a7b1b1249905f7a2f4a2542b99a52e5de82521,6f89059d38ffce9fac58777aa96b7b3952884db906eff7ff0d34ab13d169d876,0,,,,1,met,В указанных репликах есть требуемое действие.,"[""CALL-004-u01""]","[""Вітаю, я менеджер навчальної команди. Обговоримо звіти команди.""]",False
v1,CALL-004,demo,demo-fixture,341e56f9a08f1ac72d001ea979a7b1b1249905f7a2f4a2542b99a52e5de82521,6f89059d38ffce9fac58777aa96b7b3952884db906eff7ff0d34ab13d169d876,0,,,,2,met,В указанных репликах есть требуемое действие.,"[""CALL-004-u02"", ""CALL-004-u03""]","[""Що займає забагато часу?"", ""Щотижня вручну збираємо показники.""]",False
v1,CALL-004,demo,demo-fixture,341e56f9a08f1ac72d001ea979a7b1b1249905f7a2f4a2542b99a52e5de82521,6f89059d38ffce9fac58777aa96b7b3952884db906eff7ff0d34ab13d169d876,0,,,,3,met,В указанных репликах есть требуемое действие.,"[""CALL-004-u04"", ""CALL-004-u05""]","[""З яких таблиць і скільки часу це займає?"", ""З трьох таблиць, дві години.""]",False
v1,CALL-004,demo,demo-fixture,341e56f9a08f1ac72d001ea979a7b1b1249905f7a2f4a2542b99a52e5de82521,6f89059d38ffce9fac58777aa96b7b3952884db906eff7ff0d34ab13d169d876,0,,,,4,met,В указанных репликах есть требуемое действие.,"[""CALL-004-u03"", ""CALL-004-u06""]","[""Щотижня вручну збираємо показники."", ""Пропоную автоматично об’єднати ці три таблиці у щотижневий звіт.""]",False
v1,CALL-004,demo,demo-fixture,341e56f9a08f1ac72d001ea979a7b1b1249905f7a2f4a2542b99a52e5de82521,6f89059d38ffce9fac58777aa96b7b3952884db906eff7ff0d34ab13d169d876,0,,,,5,not_applicable,В полной записи клиент не высказывал возражений.,[],[],False
v1,CALL-004,demo,demo-fixture,341e56f9a08f1ac72d001ea979a7b1b1249905f7a2f4a2542b99a52e5de82521,6f89059d38ffce9fac58777aa96b7b3952884db906eff7ff0d34ab13d169d876,0,,,,6,not_met,"Полная запись содержит соответствующую возможность, но действие не выполнено или противоречит потребности.",[],[],False
v1,CALL-004,demo,demo-fixture,341e56f9a08f1ac72d001ea979a7b1b1249905f7a2f4a2542b99a52e5de82521,6f89059d38ffce9fac58777aa96b7b3952884db906eff7ff0d34ab13d169d876,0,,,,7,not_met,"Полная запись содержит соответствующую возможность, но действие не выполнено или противоречит потребности.",[],[],False
v1,CALL-005,demo,demo-fixture,341e56f9a08f1ac72d001ea979a7b1b1249905f7a2f4a2542b99a52e5de82521,f40748afe2a8e27a13b63d0fae3921f108ddbca205f141582514d1739346e699,0,,,,1,met,В указанных репликах есть требуемое действие.,"[""CALL-005-u01""]","[""Добрый день, я менеджер учебной команды. Обсудим отчёт по звонкам.""]",False
v1,CALL-005,demo,demo-fixture,341e56f9a08f1ac72d001ea979a7b1b1249905f7a2f4a2542b99a52e5de82521,f40748afe2a8e27a13b63d0fae3921f108ddbca205f141582514d1739346e699,0,,,,2,met,В указанных репликах есть требуемое действие.,"[""CALL-005-u02"", ""CALL-005-u03""]","[""Какой отчёт нужен?"", ""Хочу видеть ошибки в разговорах.""]",False
v1,CALL-005,demo,demo-fixture,341e56f9a08f1ac72d001ea979a7b1b1249905f7a2f4a2542b99a52e5de82521,f40748afe2a8e27a13b63d0fae3921f108ddbca205f141582514d1739346e699,0,,,,3,met,В указанных репликах есть требуемое действие.,"[""CALL-005-u04"", ""CALL-005-u05""]","[""Сколько разговоров в неделю?"", ""Около пятидесяти.""]",False
v1,CALL-005,demo,demo-fixture,341e56f9a08f1ac72d001ea979a7b1b1249905f7a2f4a2542b99a52e5de82521,f40748afe2a8e27a13b63d0fae3921f108ddbca205f141582514d1739346e699,0,,,,4,met,В указанных репликах есть требуемое действие.,"[""CALL-005-u03"", ""CALL-005-u06""]","[""Хочу видеть ошибки в разговорах."", ""Предлагаю отчёт с примерами ошибок для этих пятидесяти разговоров.""]",False
v1,CALL-005,demo,demo-fixture,341e56f9a08f1ac72d001ea979a7b1b1249905f7a2f4a2542b99a52e5de82521,f40748afe2a8e27a13b63d0fae3921f108ddbca205f141582514d1739346e699,0,,,,5,not_met,"Полная запись содержит соответствующую возможность, но действие не выполнено или противоречит потребности.","[""CALL-005-u07"", ""CALL-005-u08""]","[""Цена выше нашего бюджета."", ""Наш продукт лучший, цена такая и есть.""]",False
v1,CALL-005,demo,demo-fixture,341e56f9a08f1ac72d001ea979a7b1b1249905f7a2f4a2542b99a52e5de82521,f40748afe2a8e27a13b63d0fae3921f108ddbca205f141582514d1739346e699,0,,,,6,met,В указанных репликах есть требуемое действие.,"[""CALL-005-u09"", ""CALL-005-u10""]","[""Я отправлю описание сегодня, вы посмотрите завтра. Согласны?"", ""Описание посмотрю.""]",False
v1,CALL-005,demo,demo-fixture,341e56f9a08f1ac72d001ea979a7b1b1249905f7a2f4a2542b99a52e5de82521,f40748afe2a8e27a13b63d0fae3921f108ddbca205f141582514d1739346e699,0,,,,7,met,В указанных репликах есть требуемое действие.,"[""CALL-005-u11"", ""CALL-005-u12""]","[""Итак, описание сегодня, ваш просмотр завтра. Верно?"", ""Да, только бюджет пока не согласован.""]",False
v1,CALL-006,demo,demo-fixture,341e56f9a08f1ac72d001ea979a7b1b1249905f7a2f4a2542b99a52e5de82521,e3a2ac825ac94996d537c074fb099e4a080d97dbe349c46c0131b1069301beb1,0,,,,1,not_met,Нужной части или основания для оценки нет в записи.,[],[],False
v1,CALL-006,demo,demo-fixture,341e56f9a08f1ac72d001ea979a7b1b1249905f7a2f4a2542b99a52e5de82521,e3a2ac825ac94996d537c074fb099e4a080d97dbe349c46c0131b1069301beb1,0,,,,2,met,В указанных репликах есть требуемое действие.,"[""CALL-006-u01""]","[""Нам потрібен облік угод для двох відділів.""]",False
v1,CALL-006,demo,demo-fixture,341e56f9a08f1ac72d001ea979a7b1b1249905f7a2f4a2542b99a52e5de82521,e3a2ac825ac94996d537c074fb099e4a080d97dbe349c46c0131b1069301beb1,0,,,,3,met,В указанных репликах есть требуемое действие.,"[""CALL-006-u02"", ""CALL-006-u03""]","[""Скільки людей працюють в обох відділах?"", ""Загалом вісім.""]",False
v1,CALL-006,demo,demo-fixture,341e56f9a08f1ac72d001ea979a7b1b1249905f7a2f4a2542b99a52e5de82521,e3a2ac825ac94996d537c074fb099e4a080d97dbe349c46c0131b1069301beb1,0,,,,4,insufficient_data,Нужной части или основания для оценки нет в записи.,[],[],False
v1,CALL-006,demo,demo-fixture,341e56f9a08f1ac72d001ea979a7b1b1249905f7a2f4a2542b99a52e5de82521,e3a2ac825ac94996d537c074fb099e4a080d97dbe349c46c0131b1069301beb1,0,,,,5,insufficient_data,Нужной части или основания для оценки нет в записи.,[],[],False
v1,CALL-006,demo,demo-fixture,341e56f9a08f1ac72d001ea979a7b1b1249905f7a2f4a2542b99a52e5de82521,e3a2ac825ac94996d537c074fb099e4a080d97dbe349c46c0131b1069301beb1,0,,,,6,insufficient_data,Нужной части или основания для оценки нет в записи.,[],[],False
v1,CALL-006,demo,demo-fixture,341e56f9a08f1ac72d001ea979a7b1b1249905f7a2f4a2542b99a52e5de82521,e3a2ac825ac94996d537c074fb099e4a080d97dbe349c46c0131b1069301beb1,0,,,,7,insufficient_data,Нужной части или основания для оценки нет в записи.,[],[],False
v1,CALL-007,demo,demo-fixture,341e56f9a08f1ac72d001ea979a7b1b1249905f7a2f4a2542b99a52e5de82521,551e19bba571518453116eedc7fdb40c90905bfc627deb053ffa213a80d96727,0,,,,1,met,В указанных репликах есть требуемое действие.,"[""CALL-007-u01""]","[""Здравствуйте, я менеджер учебной команды. Обсудим срок запуска.""]",False
v1,CALL-007,demo,demo-fixture,341e56f9a08f1ac72d001ea979a7b1b1249905f7a2f4a2542b99a52e5de82521,551e19bba571518453116eedc7fdb40c90905bfc627deb053ffa213a80d96727,0,,,,2,met,В указанных репликах есть требуемое действие.,"[""CALL-007-u02"", ""CALL-007-u03""]","[""Какая задача и ограничения?"", ""Нужна очередь заявок за неделю, бюджет до ста евро.""]",False
v1,CALL-007,demo,demo-fixture,341e56f9a08f1ac72d001ea979a7b1b1249905f7a2f4a2542b99a52e5de82521,551e19bba571518453116eedc7fdb40c90905bfc627deb053ffa213a80d96727,0,,,,3,met,В указанных репликах есть требуемое действие.,"[""CALL-007-u04"", ""CALL-007-u05""]","[""Неделя — жёсткий срок?"", ""Да, позже нельзя.""]",False
v1,CALL-007,demo,demo-fixture,341e56f9a08f1ac72d001ea979a7b1b1249905f7a2f4a2542b99a52e5de82521,551e19bba571518453116eedc7fdb40c90905bfc627deb053ffa213a80d96727,0,,,,4,not_met,"Полная запись содержит соответствующую возможность, но действие не выполнено или противоречит потребности.","[""CALL-007-u03"", ""CALL-007-u06""]","[""Нужна очередь заявок за неделю, бюджет до ста евро."", ""Предлагаю весь пакет за тысячу евро, внедрение за три месяца.""]",False
v1,CALL-007,demo,demo-fixture,341e56f9a08f1ac72d001ea979a7b1b1249905f7a2f4a2542b99a52e5de82521,551e19bba571518453116eedc7fdb40c90905bfc627deb053ffa213a80d96727,0,,,,5,not_met,"Полная запись содержит соответствующую возможность, но действие не выполнено или противоречит потребности.","[""CALL-007-u07"", ""CALL-007-u08""]","[""Это противоречит и сроку, и бюджету."", ""Всё равно берите полный пакет.""]",False
v1,CALL-007,demo,demo-fixture,341e56f9a08f1ac72d001ea979a7b1b1249905f7a2f4a2542b99a52e5de82521,551e19bba571518453116eedc7fdb40c90905bfc627deb053ffa213a80d96727,0,,,,6,not_met,"Полная запись содержит соответствующую возможность, но действие не выполнено или противоречит потребности.",[],[],False
v1,CALL-007,demo,demo-fixture,341e56f9a08f1ac72d001ea979a7b1b1249905f7a2f4a2542b99a52e5de82521,551e19bba571518453116eedc7fdb40c90905bfc627deb053ffa213a80d96727,0,,,,7,not_met,"Полная запись содержит соответствующую возможность, но действие не выполнено или противоречит потребности.",[],[],False
v1,CALL-008,demo,demo-fixture,341e56f9a08f1ac72d001ea979a7b1b1249905f7a2f4a2542b99a52e5de82521,389fe18bdc2a2b04d4a14231b4fb417b22e018434552dc6f172de79418c22cd8,0,,,,1,met,В указанных репликах есть требуемое действие.,"[""CALL-008-u01""]","[""Добрий день, я менеджер навчальної команди. Обговоримо заміну ручного звіту.""]",False
v1,CALL-008,demo,demo-fixture,341e56f9a08f1ac72d001ea979a7b1b1249905f7a2f4a2542b99a52e5de82521,389fe18bdc2a2b04d4a14231b4fb417b22e018434552dc6f172de79418c22cd8,0,,,,2,met,В указанных репликах есть требуемое действие.,"[""CALL-008-u02"", ""CALL-008-u03""]","[""Яка потреба?"", ""Треба автоматично рахувати заявки.""]",False
v1,CALL-008,demo,demo-fixture,341e56f9a08f1ac72d001ea979a7b1b1249905f7a2f4a2542b99a52e5de82521,389fe18bdc2a2b04d4a14231b4fb417b22e018434552dc6f172de79418c22cd8,0,,,,3,met,В указанных репликах есть требуемое действие.,"[""CALL-008-u04"", ""CALL-008-u05""]","[""Які дані вже є?"", ""Є таблиця заявок за тиждень.""]",False
v1,CALL-008,demo,demo-fixture,341e56f9a08f1ac72d001ea979a7b1b1249905f7a2f4a2542b99a52e5de82521,389fe18bdc2a2b04d4a14231b4fb417b22e018434552dc6f172de79418c22cd8,0,,,,4,met,В указанных репликах есть требуемое действие.,"[""CALL-008-u03"", ""CALL-008-u06""]","[""Треба автоматично рахувати заявки."", ""З цієї таблиці можна автоматично сформувати потрібний підрахунок.""]",False
v1,CALL-008,demo,demo-fixture,341e56f9a08f1ac72d001ea979a7b1b1249905f7a2f4a2542b99a52e5de82521,389fe18bdc2a2b04d4a14231b4fb417b22e018434552dc6f172de79418c22cd8,0,,,,5,not_applicable,В полной записи клиент не высказывал возражений.,[],[],False
v1,CALL-008,demo,demo-fixture,341e56f9a08f1ac72d001ea979a7b1b1249905f7a2f4a2542b99a52e5de82521,389fe18bdc2a2b04d4a14231b4fb417b22e018434552dc6f172de79418c22cd8,0,,,,6,met,В указанных репликах есть требуемое действие.,"[""CALL-008-u08"", ""CALL-008-u09""]","[""Надішлю приклад сьогодні. Ви зможете перевірити його до п’ятниці?"", ""Так.""]",False
v1,CALL-008,demo,demo-fixture,341e56f9a08f1ac72d001ea979a7b1b1249905f7a2f4a2542b99a52e5de82521,389fe18bdc2a2b04d4a14231b4fb417b22e018434552dc6f172de79418c22cd8,0,,,,7,met,В указанных репликах есть требуемое действие.,"[""CALL-008-u10"", ""CALL-008-u11""]","[""Підсумую: приклад сьогодні, перевірка до п’ятниці. Чи однаково розуміємо план?"", ""Так.""]",False
v1,CALL-009,demo,demo-fixture,341e56f9a08f1ac72d001ea979a7b1b1249905f7a2f4a2542b99a52e5de82521,3a3cc0772b0bcef21a420f6cd193cffdaae40efe681f9faa4d8a7bbad0af864a,0,,,,1,met,В указанных репликах есть требуемое действие.,"[""CALL-009-u01""]","[""Здравствуйте, я менеджер учебной команды. Цель — обсудить учёт заявок.""]",False
v1,CALL-009,demo,demo-fixture,341e56f9a08f1ac72d001ea979a7b1b1249905f7a2f4a2542b99a52e5de82521,3a3cc0772b0bcef21a420f6cd193cffdaae40efe681f9faa4d8a7bbad0af864a,0,,,,2,met,В указанных репликах есть требуемое действие.,"[""CALL-009-u02"", ""CALL-009-u03""]","[""Что сейчас мешает работе?"", ""Теряем заявки при передаче между сменами.""]",False
v1,CALL-009,demo,demo-fixture,341e56f9a08f1ac72d001ea979a7b1b1249905f7a2f4a2542b99a52e5de82521,3a3cc0772b0bcef21a420f6cd193cffdaae40efe681f9faa4d8a7bbad0af864a,0,,,,3,met,В указанных репликах есть требуемое действие.,"[""CALL-009-u04"", ""CALL-009-u05""]","[""Сколько человек передают заявки и когда нужна система?"", ""Пять человек, до конца месяца.""]",False
v1,CALL-009,demo,demo-fixture,341e56f9a08f1ac72d001ea979a7b1b1249905f7a2f4a2542b99a52e5de82521,3a3cc0772b0bcef21a420f6cd193cffdaae40efe681f9faa4d8a7bbad0af864a,0,,,,4,met,В указанных репликах есть требуемое действие.,"[""CALL-009-u03"", ""CALL-009-u06""]","[""Теряем заявки при передаче между сменами."", ""Для передачи между пятью сотрудниками предлагаю общую очередь с историей заявки.""]",False
v1,CALL-009,demo,demo-fixture,341e56f9a08f1ac72d001ea979a7b1b1249905f7a2f4a2542b99a52e5de82521,3a3cc0772b0bcef21a420f6cd193cffdaae40efe681f9faa4d8a7bbad0af864a,0,,,,5,not_met,В полной записи клиент не высказывал возражений.,[],[],False
v1,CALL-009,demo,demo-fixture,341e56f9a08f1ac72d001ea979a7b1b1249905f7a2f4a2542b99a52e5de82521,3a3cc0772b0bcef21a420f6cd193cffdaae40efe681f9faa4d8a7bbad0af864a,0,,,,6,met,В указанных репликах есть требуемое действие.,"[""CALL-009-u07"", ""CALL-009-u08""]","[""Пришлю план сегодня, а во вторник в 10:00 вместе посмотрим демо. Подходит?"", ""Да, подходит.""]",False
v1,CALL-009,demo,demo-fixture,341e56f9a08f1ac72d001ea979a7b1b1249905f7a2f4a2542b99a52e5de82521,3a3cc0772b0bcef21a420f6cd193cffdaae40efe681f9faa4d8a7bbad0af864a,0,,,,7,met,В указанных репликах есть требуемое действие.,"[""CALL-009-u09"", ""CALL-009-u10""]","[""Итак, общая очередь, план сегодня и демо во вторник в 10:00. Всё верно?"", ""Да.""]",False
v1,CALL-010,demo,demo-fixture,341e56f9a08f1ac72d001ea979a7b1b1249905f7a2f4a2542b99a52e5de82521,1c92d11194d2503fe24363852b6dfd9e6d6c42820149c6537874491eb63e022c,0,,,,1,met,В указанных репликах есть требуемое действие.,"[""CALL-010-u01""]","[""Выдуманная цитата для проверки механизма.""]",True
v1,CALL-010,demo,demo-fixture,341e56f9a08f1ac72d001ea979a7b1b1249905f7a2f4a2542b99a52e5de82521,1c92d11194d2503fe24363852b6dfd9e6d6c42820149c6537874491eb63e022c,0,,,,2,met,В указанных репликах есть требуемое действие.,"[""CALL-010-u02"", ""CALL-010-u03""]","[""Яка головна проблема?"", ""Не бачимо, які заявки ще без відповіді.""]",True
v1,CALL-010,demo,demo-fixture,341e56f9a08f1ac72d001ea979a7b1b1249905f7a2f4a2542b99a52e5de82521,1c92d11194d2503fe24363852b6dfd9e6d6c42820149c6537874491eb63e022c,0,,,,3,met,В указанных репликах есть требуемое действие.,"[""CALL-010-u04"", ""CALL-010-u05""]","[""Скільки заявок щодня і хто перевіряє чергу?"", ""Двадцять, перевіряє керівник.""]",True
v1,CALL-010,demo,demo-fixture,341e56f9a08f1ac72d001ea979a7b1b1249905f7a2f4a2542b99a52e5de82521,1c92d11194d2503fe24363852b6dfd9e6d6c42820149c6537874491eb63e022c,0,,,,4,met,В указанных репликах есть требуемое действие.,"[""CALL-010-u03"", ""CALL-010-u06""]","[""Не бачимо, які заявки ще без відповіді."", ""Для цих двадцяти заявок пропоную звіт про час без відповіді.""]",True
v1,CALL-010,demo,demo-fixture,341e56f9a08f1ac72d001ea979a7b1b1249905f7a2f4a2542b99a52e5de82521,1c92d11194d2503fe24363852b6dfd9e6d6c42820149c6537874491eb63e022c,0,,,,5,met,В указанных репликах есть требуемое действие.,"[""CALL-010-u07"", ""CALL-010-u08""]","[""Команді буде складно навчитися."", ""Почнемо з одного звіту та проведемо навчання, щоб зменшити навантаження.""]",True
v1,CALL-010,demo,demo-fixture,341e56f9a08f1ac72d001ea979a7b1b1249905f7a2f4a2542b99a52e5de82521,1c92d11194d2503fe24363852b6dfd9e6d6c42820149c6537874491eb63e022c,0,,,,6,met,В указанных репликах есть требуемое действие.,"[""CALL-010-u09"", ""CALL-010-u10""]","[""Надішлю приклад сьогодні, навчання у вівторок о 14:00?"", ""Так.""]",True
v1,CALL-010,demo,demo-fixture,341e56f9a08f1ac72d001ea979a7b1b1249905f7a2f4a2542b99a52e5de82521,1c92d11194d2503fe24363852b6dfd9e6d6c42820149c6537874491eb63e022c,0,,,,7,met,В указанных репликах есть требуемое действие.,"[""CALL-010-u11"", ""CALL-010-u12""]","[""Отже, приклад сьогодні та навчання у вівторок о 14:00. Правильно?"", ""Саме так.""]",True
v1,CALL-011,demo,demo-fixture,341e56f9a08f1ac72d001ea979a7b1b1249905f7a2f4a2542b99a52e5de82521,706ee64925c2bd6eb7be371b7dadcb46afdac575bc525a1280ae2bff7587e66b,0,,,,1,met,В указанных репликах есть требуемое действие.,"[""CALL-011-u01""]","[""Здравствуйте, я менеджер учебной команды. Расскажу о нашем сервисе.""]",False
v1,CALL-011,demo,demo-fixture,341e56f9a08f1ac72d001ea979a7b1b1249905f7a2f4a2542b99a52e5de82521,706ee64925c2bd6eb7be371b7dadcb46afdac575bc525a1280ae2bff7587e66b,0,,,,2,not_met,"Полная запись содержит соответствующую возможность, но действие не выполнено или противоречит потребности.",[],[],False
v1,CALL-011,demo,demo-fixture,341e56f9a08f1ac72d001ea979a7b1b1249905f7a2f4a2542b99a52e5de82521,706ee64925c2bd6eb7be371b7dadcb46afdac575bc525a1280ae2bff7587e66b,0,,,,3,not_met,"Полная запись содержит соответствующую возможность, но действие не выполнено или противоречит потребности.",[],[],False
v1,CALL-011,demo,demo-fixture,341e56f9a08f1ac72d001ea979a7b1b1249905f7a2f4a2542b99a52e5de82521,706ee64925c2bd6eb7be371b7dadcb46afdac575bc525a1280ae2bff7587e66b,0,,,,4,insufficient_data,Нужной части или основания для оценки нет в записи.,[],[],False
v1,CALL-011,demo,demo-fixture,341e56f9a08f1ac72d001ea979a7b1b1249905f7a2f4a2542b99a52e5de82521,706ee64925c2bd6eb7be371b7dadcb46afdac575bc525a1280ae2bff7587e66b,0,,,,5,not_met,"Полная запись содержит соответствующую возможность, но действие не выполнено или противоречит потребности.","[""CALL-011-u03"", ""CALL-011-u04""]","[""Я пока не понимаю, зачем он нам."", ""Давайте я отправлю общий каталог сегодня.""]",False
v1,CALL-011,demo,demo-fixture,341e56f9a08f1ac72d001ea979a7b1b1249905f7a2f4a2542b99a52e5de82521,706ee64925c2bd6eb7be371b7dadcb46afdac575bc525a1280ae2bff7587e66b,0,,,,6,met,В указанных репликах есть требуемое действие.,"[""CALL-011-u04"", ""CALL-011-u05""]","[""Давайте я отправлю общий каталог сегодня."", ""Хорошо, отправьте.""]",False
v1,CALL-011,demo,demo-fixture,341e56f9a08f1ac72d001ea979a7b1b1249905f7a2f4a2542b99a52e5de82521,706ee64925c2bd6eb7be371b7dadcb46afdac575bc525a1280ae2bff7587e66b,0,,,,7,not_met,"Полная запись содержит соответствующую возможность, но действие не выполнено или противоречит потребности.",[],[],False
v1,CALL-012,demo,demo-fixture,341e56f9a08f1ac72d001ea979a7b1b1249905f7a2f4a2542b99a52e5de82521,48c609e75151936238af6ca71fb631f7357a43ac6ad4993beb39a42849874a28,0,,,,1,met,В указанных репликах есть требуемое действие.,"[""CALL-012-u01""]","[""Вітаю, я менеджер навчальної команди. Обговоримо звіти команди.""]",False
v1,CALL-012,demo,demo-fixture,341e56f9a08f1ac72d001ea979a7b1b1249905f7a2f4a2542b99a52e5de82521,48c609e75151936238af6ca71fb631f7357a43ac6ad4993beb39a42849874a28,0,,,,2,met,В указанных репликах есть требуемое действие.,"[""CALL-012-u02"", ""CALL-012-u03""]","[""Що займає забагато часу?"", ""Щотижня вручну збираємо показники.""]",False
v1,CALL-012,demo,demo-fixture,341e56f9a08f1ac72d001ea979a7b1b1249905f7a2f4a2542b99a52e5de82521,48c609e75151936238af6ca71fb631f7357a43ac6ad4993beb39a42849874a28,0,,,,3,met,В указанных репликах есть требуемое действие.,"[""CALL-012-u04"", ""CALL-012-u05""]","[""З яких таблиць і скільки часу це займає?"", ""З трьох таблиць, дві години.""]",False
v1,CALL-012,demo,demo-fixture,341e56f9a08f1ac72d001ea979a7b1b1249905f7a2f4a2542b99a52e5de82521,48c609e75151936238af6ca71fb631f7357a43ac6ad4993beb39a42849874a28,0,,,,4,met,В указанных репликах есть требуемое действие.,"[""CALL-012-u03"", ""CALL-012-u06""]","[""Щотижня вручну збираємо показники."", ""Пропоную автоматично об’єднати ці три таблиці у щотижневий звіт.""]",False
v1,CALL-012,demo,demo-fixture,341e56f9a08f1ac72d001ea979a7b1b1249905f7a2f4a2542b99a52e5de82521,48c609e75151936238af6ca71fb631f7357a43ac6ad4993beb39a42849874a28,0,,,,5,not_applicable,В полной записи клиент не высказывал возражений.,[],[],False
v1,CALL-012,demo,demo-fixture,341e56f9a08f1ac72d001ea979a7b1b1249905f7a2f4a2542b99a52e5de82521,48c609e75151936238af6ca71fb631f7357a43ac6ad4993beb39a42849874a28,0,,,,6,not_met,"Полная запись содержит соответствующую возможность, но действие не выполнено или противоречит потребности.",[],[],False
v1,CALL-012,demo,demo-fixture,341e56f9a08f1ac72d001ea979a7b1b1249905f7a2f4a2542b99a52e5de82521,48c609e75151936238af6ca71fb631f7357a43ac6ad4993beb39a42849874a28,0,,,,7,not_met,"Полная запись содержит соответствующую возможность, но действие не выполнено или противоречит потребности.",[],[],False
v1,CALL-013,demo,demo-fixture,341e56f9a08f1ac72d001ea979a7b1b1249905f7a2f4a2542b99a52e5de82521,b5107758f4427a811389e39675154ab4e15f7f7e54ed1e8ce2032f3bcbcb21df,0,,,,1,met,В указанных репликах есть требуемое действие.,"[""CALL-013-u01""]","[""Добрый день, я менеджер учебной команды. Обсудим отчёт по звонкам.""]",False
v1,CALL-013,demo,demo-fixture,341e56f9a08f1ac72d001ea979a7b1b1249905f7a2f4a2542b99a52e5de82521,b5107758f4427a811389e39675154ab4e15f7f7e54ed1e8ce2032f3bcbcb21df,0,,,,2,met,В указанных репликах есть требуемое действие.,"[""CALL-013-u02"", ""CALL-013-u03""]","[""Какой отчёт нужен?"", ""Хочу видеть ошибки в разговорах.""]",False
v1,CALL-013,demo,demo-fixture,341e56f9a08f1ac72d001ea979a7b1b1249905f7a2f4a2542b99a52e5de82521,b5107758f4427a811389e39675154ab4e15f7f7e54ed1e8ce2032f3bcbcb21df,0,,,,3,met,В указанных репликах есть требуемое действие.,"[""CALL-013-u04"", ""CALL-013-u05""]","[""Сколько разговоров в неделю?"", ""Около пятидесяти.""]",False
v1,CALL-013,demo,demo-fixture,341e56f9a08f1ac72d001ea979a7b1b1249905f7a2f4a2542b99a52e5de82521,b5107758f4427a811389e39675154ab4e15f7f7e54ed1e8ce2032f3bcbcb21df,0,,,,4,met,В указанных репликах есть требуемое действие.,"[""CALL-013-u03"", ""CALL-013-u06""]","[""Хочу видеть ошибки в разговорах."", ""Предлагаю отчёт с примерами ошибок для этих пятидесяти разговоров.""]",False
v1,CALL-013,demo,demo-fixture,341e56f9a08f1ac72d001ea979a7b1b1249905f7a2f4a2542b99a52e5de82521,b5107758f4427a811389e39675154ab4e15f7f7e54ed1e8ce2032f3bcbcb21df,0,,,,5,not_met,"Полная запись содержит соответствующую возможность, но действие не выполнено или противоречит потребности.","[""CALL-013-u07"", ""CALL-013-u08""]","[""Цена выше нашего бюджета."", ""Наш продукт лучший, цена такая и есть.""]",False
v1,CALL-013,demo,demo-fixture,341e56f9a08f1ac72d001ea979a7b1b1249905f7a2f4a2542b99a52e5de82521,b5107758f4427a811389e39675154ab4e15f7f7e54ed1e8ce2032f3bcbcb21df,0,,,,6,met,В указанных репликах есть требуемое действие.,"[""CALL-013-u09"", ""CALL-013-u10""]","[""Я отправлю описание сегодня, вы посмотрите завтра. Согласны?"", ""Описание посмотрю.""]",False
v1,CALL-013,demo,demo-fixture,341e56f9a08f1ac72d001ea979a7b1b1249905f7a2f4a2542b99a52e5de82521,b5107758f4427a811389e39675154ab4e15f7f7e54ed1e8ce2032f3bcbcb21df,0,,,,7,met,В указанных репликах есть требуемое действие.,"[""CALL-013-u11"", ""CALL-013-u12""]","[""Итак, описание сегодня, ваш просмотр завтра. Верно?"", ""Да, только бюджет пока не согласован.""]",False
v1,CALL-014,demo,demo-fixture,341e56f9a08f1ac72d001ea979a7b1b1249905f7a2f4a2542b99a52e5de82521,ff7344d50f42223585ac6e3c2878647c4c6e605a4dd989a104b638c138dde7c0,0,,,,1,not_met,Нужной части или основания для оценки нет в записи.,[],[],False
v1,CALL-014,demo,demo-fixture,341e56f9a08f1ac72d001ea979a7b1b1249905f7a2f4a2542b99a52e5de82521,ff7344d50f42223585ac6e3c2878647c4c6e605a4dd989a104b638c138dde7c0,0,,,,2,met,В указанных репликах есть требуемое действие.,"[""CALL-014-u01""]","[""Нам потрібен облік угод для двох відділів.""]",False
v1,CALL-014,demo,demo-fixture,341e56f9a08f1ac72d001ea979a7b1b1249905f7a2f4a2542b99a52e5de82521,ff7344d50f42223585ac6e3c2878647c4c6e605a4dd989a104b638c138dde7c0,0,,,,3,met,В указанных репликах есть требуемое действие.,"[""CALL-014-u02"", ""CALL-014-u03""]","[""Скільки людей працюють в обох відділах?"", ""Загалом вісім.""]",False
v1,CALL-014,demo,demo-fixture,341e56f9a08f1ac72d001ea979a7b1b1249905f7a2f4a2542b99a52e5de82521,ff7344d50f42223585ac6e3c2878647c4c6e605a4dd989a104b638c138dde7c0,0,,,,4,insufficient_data,Нужной части или основания для оценки нет в записи.,[],[],False
v1,CALL-014,demo,demo-fixture,341e56f9a08f1ac72d001ea979a7b1b1249905f7a2f4a2542b99a52e5de82521,ff7344d50f42223585ac6e3c2878647c4c6e605a4dd989a104b638c138dde7c0,0,,,,5,insufficient_data,Нужной части или основания для оценки нет в записи.,[],[],False
v1,CALL-014,demo,demo-fixture,341e56f9a08f1ac72d001ea979a7b1b1249905f7a2f4a2542b99a52e5de82521,ff7344d50f42223585ac6e3c2878647c4c6e605a4dd989a104b638c138dde7c0,0,,,,6,insufficient_data,Нужной части или основания для оценки нет в записи.,[],[],False
v1,CALL-014,demo,demo-fixture,341e56f9a08f1ac72d001ea979a7b1b1249905f7a2f4a2542b99a52e5de82521,ff7344d50f42223585ac6e3c2878647c4c6e605a4dd989a104b638c138dde7c0,0,,,,7,insufficient_data,Нужной части или основания для оценки нет в записи.,[],[],False
v1,CALL-015,demo,demo-fixture,341e56f9a08f1ac72d001ea979a7b1b1249905f7a2f4a2542b99a52e5de82521,a7bf461f81e46f332a2a3af385867b5392607f2d5aa3489e2f62ff64687ead27,0,,,,1,met,В указанных репликах есть требуемое действие.,"[""CALL-015-u01""]","[""Здравствуйте, я менеджер учебной команды. Обсудим срок запуска.""]",False
v1,CALL-015,demo,demo-fixture,341e56f9a08f1ac72d001ea979a7b1b1249905f7a2f4a2542b99a52e5de82521,a7bf461f81e46f332a2a3af385867b5392607f2d5aa3489e2f62ff64687ead27,0,,,,2,met,В указанных репликах есть требуемое действие.,"[""CALL-015-u02"", ""CALL-015-u03""]","[""Какая задача и ограничения?"", ""Нужна очередь заявок за неделю, бюджет до ста евро.""]",False
v1,CALL-015,demo,demo-fixture,341e56f9a08f1ac72d001ea979a7b1b1249905f7a2f4a2542b99a52e5de82521,a7bf461f81e46f332a2a3af385867b5392607f2d5aa3489e2f62ff64687ead27,0,,,,3,met,В указанных репликах есть требуемое действие.,"[""CALL-015-u04"", ""CALL-015-u05""]","[""Неделя — жёсткий срок?"", ""Да, позже нельзя.""]",False
v1,CALL-015,demo,demo-fixture,341e56f9a08f1ac72d001ea979a7b1b1249905f7a2f4a2542b99a52e5de82521,a7bf461f81e46f332a2a3af385867b5392607f2d5aa3489e2f62ff64687ead27,0,,,,4,not_met,"Полная запись содержит соответствующую возможность, но действие не выполнено или противоречит потребности.","[""CALL-015-u03"", ""CALL-015-u06""]","[""Нужна очередь заявок за неделю, бюджет до ста евро."", ""Предлагаю весь пакет за тысячу евро, внедрение за три месяца.""]",False
v1,CALL-015,demo,demo-fixture,341e56f9a08f1ac72d001ea979a7b1b1249905f7a2f4a2542b99a52e5de82521,a7bf461f81e46f332a2a3af385867b5392607f2d5aa3489e2f62ff64687ead27,0,,,,5,not_met,"Полная запись содержит соответствующую возможность, но действие не выполнено или противоречит потребности.","[""CALL-015-u07"", ""CALL-015-u08""]","[""Это противоречит и сроку, и бюджету."", ""Всё равно берите полный пакет.""]",False
v1,CALL-015,demo,demo-fixture,341e56f9a08f1ac72d001ea979a7b1b1249905f7a2f4a2542b99a52e5de82521,a7bf461f81e46f332a2a3af385867b5392607f2d5aa3489e2f62ff64687ead27,0,,,,6,not_met,"Полная запись содержит соответствующую возможность, но действие не выполнено или противоречит потребности.",[],[],False
v1,CALL-015,demo,demo-fixture,341e56f9a08f1ac72d001ea979a7b1b1249905f7a2f4a2542b99a52e5de82521,a7bf461f81e46f332a2a3af385867b5392607f2d5aa3489e2f62ff64687ead27,0,,,,7,not_met,"Полная запись содержит соответствующую возможность, но действие не выполнено или противоречит потребности.",[],[],False
v1,CALL-016,demo,demo-fixture,341e56f9a08f1ac72d001ea979a7b1b1249905f7a2f4a2542b99a52e5de82521,57d427c1c3530b88637b5e4d75c4c4204866cd9e5885ada75f4c97c011e0821d,0,,,,1,met,В указанных репликах есть требуемое действие.,"[""CALL-016-u01""]","[""Добрий день, я менеджер навчальної команди. Обговоримо заміну ручного звіту.""]",False
v1,CALL-016,demo,demo-fixture,341e56f9a08f1ac72d001ea979a7b1b1249905f7a2f4a2542b99a52e5de82521,57d427c1c3530b88637b5e4d75c4c4204866cd9e5885ada75f4c97c011e0821d,0,,,,2,met,В указанных репликах есть требуемое действие.,"[""CALL-016-u02"", ""CALL-016-u03""]","[""Яка потреба?"", ""Треба автоматично рахувати заявки.""]",False
v1,CALL-016,demo,demo-fixture,341e56f9a08f1ac72d001ea979a7b1b1249905f7a2f4a2542b99a52e5de82521,57d427c1c3530b88637b5e4d75c4c4204866cd9e5885ada75f4c97c011e0821d,0,,,,3,met,В указанных репликах есть требуемое действие.,"[""CALL-016-u04"", ""CALL-016-u05""]","[""Які дані вже є?"", ""Є таблиця заявок за тиждень.""]",False
v1,CALL-016,demo,demo-fixture,341e56f9a08f1ac72d001ea979a7b1b1249905f7a2f4a2542b99a52e5de82521,57d427c1c3530b88637b5e4d75c4c4204866cd9e5885ada75f4c97c011e0821d,0,,,,4,met,В указанных репликах есть требуемое действие.,"[""CALL-016-u03"", ""CALL-016-u06""]","[""Треба автоматично рахувати заявки."", ""З цієї таблиці можна автоматично сформувати потрібний підрахунок.""]",False
v1,CALL-016,demo,demo-fixture,341e56f9a08f1ac72d001ea979a7b1b1249905f7a2f4a2542b99a52e5de82521,57d427c1c3530b88637b5e4d75c4c4204866cd9e5885ada75f4c97c011e0821d,0,,,,5,not_applicable,В полной записи клиент не высказывал возражений.,[],[],False
v1,CALL-016,demo,demo-fixture,341e56f9a08f1ac72d001ea979a7b1b1249905f7a2f4a2542b99a52e5de82521,57d427c1c3530b88637b5e4d75c4c4204866cd9e5885ada75f4c97c011e0821d,0,,,,6,met,В указанных репликах есть требуемое действие.,"[""CALL-016-u08"", ""CALL-016-u09""]","[""Надішлю приклад сьогодні. Ви зможете перевірити його до п’ятниці?"", ""Так.""]",False
v1,CALL-016,demo,demo-fixture,341e56f9a08f1ac72d001ea979a7b1b1249905f7a2f4a2542b99a52e5de82521,57d427c1c3530b88637b5e4d75c4c4204866cd9e5885ada75f4c97c011e0821d,0,,,,7,met,В указанных репликах есть требуемое действие.,"[""CALL-016-u10"", ""CALL-016-u11""]","[""Підсумую: приклад сьогодні, перевірка до п’ятниці. Чи однаково розуміємо план?"", ""Так.""]",False
v1,CALL-017,demo,demo-fixture,341e56f9a08f1ac72d001ea979a7b1b1249905f7a2f4a2542b99a52e5de82521,1c71bb3391b6456805a307d0dac729ac50add63a4a532101058783a37b379bc4,0,,,,1,met,В указанных репликах есть требуемое действие.,"[""CALL-017-u01""]","[""Здравствуйте, я менеджер учебной команды. Цель — обсудить учёт заявок.""]",False
v1,CALL-017,demo,demo-fixture,341e56f9a08f1ac72d001ea979a7b1b1249905f7a2f4a2542b99a52e5de82521,1c71bb3391b6456805a307d0dac729ac50add63a4a532101058783a37b379bc4,0,,,,2,met,В указанных репликах есть требуемое действие.,"[""CALL-017-u02"", ""CALL-017-u03""]","[""Что сейчас мешает работе?"", ""Теряем заявки при передаче между сменами.""]",False
v1,CALL-017,demo,demo-fixture,341e56f9a08f1ac72d001ea979a7b1b1249905f7a2f4a2542b99a52e5de82521,1c71bb3391b6456805a307d0dac729ac50add63a4a532101058783a37b379bc4,0,,,,3,met,В указанных репликах есть требуемое действие.,"[""CALL-017-u04"", ""CALL-017-u05""]","[""Сколько человек передают заявки и когда нужна система?"", ""Пять человек, до конца месяца.""]",False
v1,CALL-017,demo,demo-fixture,341e56f9a08f1ac72d001ea979a7b1b1249905f7a2f4a2542b99a52e5de82521,1c71bb3391b6456805a307d0dac729ac50add63a4a532101058783a37b379bc4,0,,,,4,met,В указанных репликах есть требуемое действие.,"[""CALL-017-u03"", ""CALL-017-u06""]","[""Теряем заявки при передаче между сменами."", ""Для передачи между пятью сотрудниками предлагаю общую очередь с историей заявки.""]",False
v1,CALL-017,demo,demo-fixture,341e56f9a08f1ac72d001ea979a7b1b1249905f7a2f4a2542b99a52e5de82521,1c71bb3391b6456805a307d0dac729ac50add63a4a532101058783a37b379bc4,0,,,,5,not_applicable,В полной записи клиент не высказывал возражений.,[],[],False
v1,CALL-017,demo,demo-fixture,341e56f9a08f1ac72d001ea979a7b1b1249905f7a2f4a2542b99a52e5de82521,1c71bb3391b6456805a307d0dac729ac50add63a4a532101058783a37b379bc4,0,,,,6,met,В указанных репликах есть требуемое действие.,"[""CALL-017-u07"", ""CALL-017-u08""]","[""Пришлю план сегодня, а во вторник в 10:00 вместе посмотрим демо. Подходит?"", ""Да, подходит.""]",False
v1,CALL-017,demo,demo-fixture,341e56f9a08f1ac72d001ea979a7b1b1249905f7a2f4a2542b99a52e5de82521,1c71bb3391b6456805a307d0dac729ac50add63a4a532101058783a37b379bc4,0,,,,7,met,В указанных репликах есть требуемое действие.,"[""CALL-017-u09"", ""CALL-017-u10""]","[""Итак, общая очередь, план сегодня и демо во вторник в 10:00. Всё верно?"", ""Да.""]",False
v1,CALL-018,demo,demo-fixture,341e56f9a08f1ac72d001ea979a7b1b1249905f7a2f4a2542b99a52e5de82521,cd42a436991b8f767265ed3a97eeadaed835335ea69ddc1dcd1f352ca2b830e3,0,,,,1,met,В указанных репликах есть требуемое действие.,"[""CALL-018-u01""]","[""Вітаю, я менеджер навчальної команди. Хочу обговорити контроль заявок.""]",False
v1,CALL-018,demo,demo-fixture,341e56f9a08f1ac72d001ea979a7b1b1249905f7a2f4a2542b99a52e5de82521,cd42a436991b8f767265ed3a97eeadaed835335ea69ddc1dcd1f352ca2b830e3,0,,,,2,met,В указанных репликах есть требуемое действие.,"[""CALL-018-u02"", ""CALL-018-u03""]","[""Яка головна проблема?"", ""Не бачимо, які заявки ще без відповіді.""]",False
v1,CALL-018,demo,demo-fixture,341e56f9a08f1ac72d001ea979a7b1b1249905f7a2f4a2542b99a52e5de82521,cd42a436991b8f767265ed3a97eeadaed835335ea69ddc1dcd1f352ca2b830e3,0,,,,3,met,В указанных репликах есть требуемое действие.,"[""CALL-018-u04"", ""CALL-018-u05""]","[""Скільки заявок щодня і хто перевіряє чергу?"", ""Двадцять, перевіряє керівник.""]",False
v1,CALL-018,demo,demo-fixture,341e56f9a08f1ac72d001ea979a7b1b1249905f7a2f4a2542b99a52e5de82521,cd42a436991b8f767265ed3a97eeadaed835335ea69ddc1dcd1f352ca2b830e3,0,,,,4,met,В указанных репликах есть требуемое действие.,"[""CALL-018-u03"", ""CALL-018-u06""]","[""Не бачимо, які заявки ще без відповіді."", ""Для цих двадцяти заявок пропоную звіт про час без відповіді.""]",False
v1,CALL-018,demo,demo-fixture,341e56f9a08f1ac72d001ea979a7b1b1249905f7a2f4a2542b99a52e5de82521,cd42a436991b8f767265ed3a97eeadaed835335ea69ddc1dcd1f352ca2b830e3,0,,,,5,met,В указанных репликах есть требуемое действие.,"[""CALL-018-u07"", ""CALL-018-u08""]","[""Команді буде складно навчитися."", ""Почнемо з одного звіту та проведемо навчання, щоб зменшити навантаження.""]",False
v1,CALL-018,demo,demo-fixture,341e56f9a08f1ac72d001ea979a7b1b1249905f7a2f4a2542b99a52e5de82521,cd42a436991b8f767265ed3a97eeadaed835335ea69ddc1dcd1f352ca2b830e3,0,,,,6,met,В указанных репликах есть требуемое действие.,"[""CALL-018-u09"", ""CALL-018-u10""]","[""Надішлю приклад сьогодні, навчання у вівторок о 14:00?"", ""Так.""]",False
v1,CALL-018,demo,demo-fixture,341e56f9a08f1ac72d001ea979a7b1b1249905f7a2f4a2542b99a52e5de82521,cd42a436991b8f767265ed3a97eeadaed835335ea69ddc1dcd1f352ca2b830e3,0,,,,7,met,В указанных репликах есть требуемое действие.,"[""CALL-018-u11"", ""CALL-018-u12""]","[""Отже, приклад сьогодні та навчання у вівторок о 14:00. Правильно?"", ""Саме так.""]",False
v1,CALL-019,demo,demo-fixture,341e56f9a08f1ac72d001ea979a7b1b1249905f7a2f4a2542b99a52e5de82521,89b411590cc089e9ddaeef29c9e49b54befb5d7b1790682b9d5b9939b0d7090a,0,,,,1,met,В указанных репликах есть требуемое действие.,"[""CALL-019-u01""]","[""Здравствуйте, я менеджер учебной команды. Расскажу о нашем сервисе.""]",False
v1,CALL-019,demo,demo-fixture,341e56f9a08f1ac72d001ea979a7b1b1249905f7a2f4a2542b99a52e5de82521,89b411590cc089e9ddaeef29c9e49b54befb5d7b1790682b9d5b9939b0d7090a,0,,,,2,not_met,"Полная запись содержит соответствующую возможность, но действие не выполнено или противоречит потребности.",[],[],False
v1,CALL-019,demo,demo-fixture,341e56f9a08f1ac72d001ea979a7b1b1249905f7a2f4a2542b99a52e5de82521,89b411590cc089e9ddaeef29c9e49b54befb5d7b1790682b9d5b9939b0d7090a,0,,,,3,not_met,"Полная запись содержит соответствующую возможность, но действие не выполнено или противоречит потребности.",[],[],False
v1,CALL-019,demo,demo-fixture,341e56f9a08f1ac72d001ea979a7b1b1249905f7a2f4a2542b99a52e5de82521,89b411590cc089e9ddaeef29c9e49b54befb5d7b1790682b9d5b9939b0d7090a,0,,,,4,insufficient_data,Нужной части или основания для оценки нет в записи.,[],[],False
v1,CALL-019,demo,demo-fixture,341e56f9a08f1ac72d001ea979a7b1b1249905f7a2f4a2542b99a52e5de82521,89b411590cc089e9ddaeef29c9e49b54befb5d7b1790682b9d5b9939b0d7090a,0,,,,5,not_met,"Полная запись содержит соответствующую возможность, но действие не выполнено или противоречит потребности.","[""CALL-019-u03"", ""CALL-019-u04""]","[""Я пока не понимаю, зачем он нам."", ""Давайте я отправлю общий каталог сегодня.""]",False
v1,CALL-019,demo,demo-fixture,341e56f9a08f1ac72d001ea979a7b1b1249905f7a2f4a2542b99a52e5de82521,89b411590cc089e9ddaeef29c9e49b54befb5d7b1790682b9d5b9939b0d7090a,0,,,,6,met,В указанных репликах есть требуемое действие.,"[""CALL-019-u04"", ""CALL-019-u05""]","[""Давайте я отправлю общий каталог сегодня."", ""Хорошо, отправьте.""]",False
v1,CALL-019,demo,demo-fixture,341e56f9a08f1ac72d001ea979a7b1b1249905f7a2f4a2542b99a52e5de82521,89b411590cc089e9ddaeef29c9e49b54befb5d7b1790682b9d5b9939b0d7090a,0,,,,7,not_met,"Полная запись содержит соответствующую возможность, но действие не выполнено или противоречит потребности.",[],[],False
v1,CALL-020,demo,demo-fixture,341e56f9a08f1ac72d001ea979a7b1b1249905f7a2f4a2542b99a52e5de82521,213b3b890ec0620a98d9271ff47dce9484c0b9e504acf3d8b6fa6a10ac156206,0,,,,1,met,В указанных репликах есть требуемое действие.,"[""CALL-020-u01""]","[""Вітаю, я менеджер навчальної команди. Обговоримо звіти команди.""]",False
v1,CALL-020,demo,demo-fixture,341e56f9a08f1ac72d001ea979a7b1b1249905f7a2f4a2542b99a52e5de82521,213b3b890ec0620a98d9271ff47dce9484c0b9e504acf3d8b6fa6a10ac156206,0,,,,2,met,В указанных репликах есть требуемое действие.,"[""CALL-020-u02"", ""CALL-020-u03""]","[""Що займає забагато часу?"", ""Щотижня вручну збираємо показники.""]",False
v1,CALL-020,demo,demo-fixture,341e56f9a08f1ac72d001ea979a7b1b1249905f7a2f4a2542b99a52e5de82521,213b3b890ec0620a98d9271ff47dce9484c0b9e504acf3d8b6fa6a10ac156206,0,,,,3,met,В указанных репликах есть требуемое действие.,"[""CALL-020-u04"", ""CALL-020-u05""]","[""З яких таблиць і скільки часу це займає?"", ""З трьох таблиць, дві години.""]",False
v1,CALL-020,demo,demo-fixture,341e56f9a08f1ac72d001ea979a7b1b1249905f7a2f4a2542b99a52e5de82521,213b3b890ec0620a98d9271ff47dce9484c0b9e504acf3d8b6fa6a10ac156206,0,,,,4,met,В указанных репликах есть требуемое действие.,"[""CALL-020-u03"", ""CALL-020-u06""]","[""Щотижня вручну збираємо показники."", ""Пропоную автоматично об’єднати ці три таблиці у щотижневий звіт.""]",False
v1,CALL-020,demo,demo-fixture,341e56f9a08f1ac72d001ea979a7b1b1249905f7a2f4a2542b99a52e5de82521,213b3b890ec0620a98d9271ff47dce9484c0b9e504acf3d8b6fa6a10ac156206,0,,,,5,not_applicable,В полной записи клиент не высказывал возражений.,[],[],False
v1,CALL-020,demo,demo-fixture,341e56f9a08f1ac72d001ea979a7b1b1249905f7a2f4a2542b99a52e5de82521,213b3b890ec0620a98d9271ff47dce9484c0b9e504acf3d8b6fa6a10ac156206,0,,,,6,not_met,"Полная запись содержит соответствующую возможность, но действие не выполнено или противоречит потребности.",[],[],False
v1,CALL-020,demo,demo-fixture,341e56f9a08f1ac72d001ea979a7b1b1249905f7a2f4a2542b99a52e5de82521,213b3b890ec0620a98d9271ff47dce9484c0b9e504acf3d8b6fa6a10ac156206,0,,,,7,not_met,"Полная запись содержит соответствующую возможность, но действие не выполнено или противоречит потребности.",[],[],False
v1,CALL-021,demo,demo-fixture,341e56f9a08f1ac72d001ea979a7b1b1249905f7a2f4a2542b99a52e5de82521,cb4a66e7868371a7e9ec0fbca30f08dcaebea975b3c5001d8cd8ef959bee66ac,0,,,,1,met,В указанных репликах есть требуемое действие.,"[""CALL-021-u01""]","[""Добрый день, я менеджер учебной команды. Обсудим отчёт по звонкам.""]",False
v1,CALL-021,demo,demo-fixture,341e56f9a08f1ac72d001ea979a7b1b1249905f7a2f4a2542b99a52e5de82521,cb4a66e7868371a7e9ec0fbca30f08dcaebea975b3c5001d8cd8ef959bee66ac,0,,,,2,met,В указанных репликах есть требуемое действие.,"[""CALL-021-u02"", ""CALL-021-u03""]","[""Какой отчёт нужен?"", ""Хочу видеть ошибки в разговорах.""]",False
v1,CALL-021,demo,demo-fixture,341e56f9a08f1ac72d001ea979a7b1b1249905f7a2f4a2542b99a52e5de82521,cb4a66e7868371a7e9ec0fbca30f08dcaebea975b3c5001d8cd8ef959bee66ac,0,,,,3,met,В указанных репликах есть требуемое действие.,"[""CALL-021-u04"", ""CALL-021-u05""]","[""Сколько разговоров в неделю?"", ""Около пятидесяти.""]",False
v1,CALL-021,demo,demo-fixture,341e56f9a08f1ac72d001ea979a7b1b1249905f7a2f4a2542b99a52e5de82521,cb4a66e7868371a7e9ec0fbca30f08dcaebea975b3c5001d8cd8ef959bee66ac,0,,,,4,met,В указанных репликах есть требуемое действие.,"[""CALL-021-u03"", ""CALL-021-u06""]","[""Хочу видеть ошибки в разговорах."", ""Предлагаю отчёт с примерами ошибок для этих пятидесяти разговоров.""]",False
v1,CALL-021,demo,demo-fixture,341e56f9a08f1ac72d001ea979a7b1b1249905f7a2f4a2542b99a52e5de82521,cb4a66e7868371a7e9ec0fbca30f08dcaebea975b3c5001d8cd8ef959bee66ac,0,,,,5,not_met,"Полная запись содержит соответствующую возможность, но действие не выполнено или противоречит потребности.","[""CALL-021-u07"", ""CALL-021-u08""]","[""Цена выше нашего бюджета."", ""Наш продукт лучший, цена такая и есть.""]",False
v1,CALL-021,demo,demo-fixture,341e56f9a08f1ac72d001ea979a7b1b1249905f7a2f4a2542b99a52e5de82521,cb4a66e7868371a7e9ec0fbca30f08dcaebea975b3c5001d8cd8ef959bee66ac,0,,,,6,met,В указанных репликах есть требуемое действие.,"[""CALL-021-u09"", ""CALL-021-u10""]","[""Я отправлю описание сегодня, вы посмотрите завтра. Согласны?"", ""Описание посмотрю.""]",False
v1,CALL-021,demo,demo-fixture,341e56f9a08f1ac72d001ea979a7b1b1249905f7a2f4a2542b99a52e5de82521,cb4a66e7868371a7e9ec0fbca30f08dcaebea975b3c5001d8cd8ef959bee66ac,0,,,,7,met,В указанных репликах есть требуемое действие.,"[""CALL-021-u11"", ""CALL-021-u12""]","[""Итак, описание сегодня, ваш просмотр завтра. Верно?"", ""Да, только бюджет пока не согласован.""]",False
v1,CALL-022,demo,demo-fixture,341e56f9a08f1ac72d001ea979a7b1b1249905f7a2f4a2542b99a52e5de82521,67aecd75ef7a5eb401d69231b760bc3e02b8ddff7bbacdad120ae1416e0866e2,0,,,,1,insufficient_data,Нужной части или основания для оценки нет в записи.,[],[],False
v1,CALL-022,demo,demo-fixture,341e56f9a08f1ac72d001ea979a7b1b1249905f7a2f4a2542b99a52e5de82521,67aecd75ef7a5eb401d69231b760bc3e02b8ddff7bbacdad120ae1416e0866e2,0,,,,2,met,В указанных репликах есть требуемое действие.,"[""CALL-022-u01""]","[""Нам потрібен облік угод для двох відділів.""]",False
v1,CALL-022,demo,demo-fixture,341e56f9a08f1ac72d001ea979a7b1b1249905f7a2f4a2542b99a52e5de82521,67aecd75ef7a5eb401d69231b760bc3e02b8ddff7bbacdad120ae1416e0866e2,0,,,,3,met,В указанных репликах есть требуемое действие.,"[""CALL-022-u02"", ""CALL-022-u03""]","[""Скільки людей працюють в обох відділах?"", ""Загалом вісім.""]",False
v1,CALL-022,demo,demo-fixture,341e56f9a08f1ac72d001ea979a7b1b1249905f7a2f4a2542b99a52e5de82521,67aecd75ef7a5eb401d69231b760bc3e02b8ddff7bbacdad120ae1416e0866e2,0,,,,4,insufficient_data,Нужной части или основания для оценки нет в записи.,[],[],False
v1,CALL-022,demo,demo-fixture,341e56f9a08f1ac72d001ea979a7b1b1249905f7a2f4a2542b99a52e5de82521,67aecd75ef7a5eb401d69231b760bc3e02b8ddff7bbacdad120ae1416e0866e2,0,,,,5,insufficient_data,Нужной части или основания для оценки нет в записи.,[],[],False
v1,CALL-022,demo,demo-fixture,341e56f9a08f1ac72d001ea979a7b1b1249905f7a2f4a2542b99a52e5de82521,67aecd75ef7a5eb401d69231b760bc3e02b8ddff7bbacdad120ae1416e0866e2,0,,,,6,insufficient_data,Нужной части или основания для оценки нет в записи.,[],[],False
v1,CALL-022,demo,demo-fixture,341e56f9a08f1ac72d001ea979a7b1b1249905f7a2f4a2542b99a52e5de82521,67aecd75ef7a5eb401d69231b760bc3e02b8ddff7bbacdad120ae1416e0866e2,0,,,,7,insufficient_data,Нужной части или основания для оценки нет в записи.,[],[],False
v1,CALL-023,demo,demo-fixture,341e56f9a08f1ac72d001ea979a7b1b1249905f7a2f4a2542b99a52e5de82521,227f6910f8ae9fb4acc8516fef1431b8f5e85a6a08ef1be4fc11ae5c2fd26902,0,,,,1,met,В указанных репликах есть требуемое действие.,"[""CALL-023-u01""]","[""Здравствуйте, я менеджер учебной команды. Обсудим срок запуска.""]",False
v1,CALL-023,demo,demo-fixture,341e56f9a08f1ac72d001ea979a7b1b1249905f7a2f4a2542b99a52e5de82521,227f6910f8ae9fb4acc8516fef1431b8f5e85a6a08ef1be4fc11ae5c2fd26902,0,,,,2,met,В указанных репликах есть требуемое действие.,"[""CALL-023-u02"", ""CALL-023-u03""]","[""Какая задача и ограничения?"", ""Нужна очередь заявок за неделю, бюджет до ста евро.""]",False
v1,CALL-023,demo,demo-fixture,341e56f9a08f1ac72d001ea979a7b1b1249905f7a2f4a2542b99a52e5de82521,227f6910f8ae9fb4acc8516fef1431b8f5e85a6a08ef1be4fc11ae5c2fd26902,0,,,,3,met,В указанных репликах есть требуемое действие.,"[""CALL-023-u04"", ""CALL-023-u05""]","[""Неделя — жёсткий срок?"", ""Да, позже нельзя.""]",False
v1,CALL-023,demo,demo-fixture,341e56f9a08f1ac72d001ea979a7b1b1249905f7a2f4a2542b99a52e5de82521,227f6910f8ae9fb4acc8516fef1431b8f5e85a6a08ef1be4fc11ae5c2fd26902,0,,,,4,not_met,"Полная запись содержит соответствующую возможность, но действие не выполнено или противоречит потребности.","[""CALL-023-u03"", ""CALL-023-u06""]","[""Нужна очередь заявок за неделю, бюджет до ста евро."", ""Предлагаю весь пакет за тысячу евро, внедрение за три месяца.""]",False
v1,CALL-023,demo,demo-fixture,341e56f9a08f1ac72d001ea979a7b1b1249905f7a2f4a2542b99a52e5de82521,227f6910f8ae9fb4acc8516fef1431b8f5e85a6a08ef1be4fc11ae5c2fd26902,0,,,,5,not_met,"Полная запись содержит соответствующую возможность, но действие не выполнено или противоречит потребности.","[""CALL-023-u07"", ""CALL-023-u08""]","[""Это противоречит и сроку, и бюджету."", ""Всё равно берите полный пакет.""]",False
v1,CALL-023,demo,demo-fixture,341e56f9a08f1ac72d001ea979a7b1b1249905f7a2f4a2542b99a52e5de82521,227f6910f8ae9fb4acc8516fef1431b8f5e85a6a08ef1be4fc11ae5c2fd26902,0,,,,6,not_met,"Полная запись содержит соответствующую возможность, но действие не выполнено или противоречит потребности.",[],[],False
v1,CALL-023,demo,demo-fixture,341e56f9a08f1ac72d001ea979a7b1b1249905f7a2f4a2542b99a52e5de82521,227f6910f8ae9fb4acc8516fef1431b8f5e85a6a08ef1be4fc11ae5c2fd26902,0,,,,7,not_met,"Полная запись содержит соответствующую возможность, но действие не выполнено или противоречит потребности.",[],[],False
v1,CALL-024,demo,demo-fixture,341e56f9a08f1ac72d001ea979a7b1b1249905f7a2f4a2542b99a52e5de82521,2eb0a2d331dd02a4b696cfefc8e0bdfef513208ad8542c006168c68f014bb583,0,,,,1,met,В указанных репликах есть требуемое действие.,"[""CALL-024-u01""]","[""Добрий день, я менеджер навчальної команди. Обговоримо заміну ручного звіту.""]",False
v1,CALL-024,demo,demo-fixture,341e56f9a08f1ac72d001ea979a7b1b1249905f7a2f4a2542b99a52e5de82521,2eb0a2d331dd02a4b696cfefc8e0bdfef513208ad8542c006168c68f014bb583,0,,,,2,met,В указанных репликах есть требуемое действие.,"[""CALL-024-u02"", ""CALL-024-u03""]","[""Яка потреба?"", ""Треба автоматично рахувати заявки.""]",False
v1,CALL-024,demo,demo-fixture,341e56f9a08f1ac72d001ea979a7b1b1249905f7a2f4a2542b99a52e5de82521,2eb0a2d331dd02a4b696cfefc8e0bdfef513208ad8542c006168c68f014bb583,0,,,,3,met,В указанных репликах есть требуемое действие.,"[""CALL-024-u04"", ""CALL-024-u05""]","[""Які дані вже є?"", ""Є таблиця заявок за тиждень.""]",False
v1,CALL-024,demo,demo-fixture,341e56f9a08f1ac72d001ea979a7b1b1249905f7a2f4a2542b99a52e5de82521,2eb0a2d331dd02a4b696cfefc8e0bdfef513208ad8542c006168c68f014bb583,0,,,,4,met,В указанных репликах есть требуемое действие.,"[""CALL-024-u03"", ""CALL-024-u06""]","[""Треба автоматично рахувати заявки."", ""З цієї таблиці можна автоматично сформувати потрібний підрахунок.""]",False
v1,CALL-024,demo,demo-fixture,341e56f9a08f1ac72d001ea979a7b1b1249905f7a2f4a2542b99a52e5de82521,2eb0a2d331dd02a4b696cfefc8e0bdfef513208ad8542c006168c68f014bb583,0,,,,5,not_applicable,В полной записи клиент не высказывал возражений.,[],[],False
v1,CALL-024,demo,demo-fixture,341e56f9a08f1ac72d001ea979a7b1b1249905f7a2f4a2542b99a52e5de82521,2eb0a2d331dd02a4b696cfefc8e0bdfef513208ad8542c006168c68f014bb583,0,,,,6,met,В указанных репликах есть требуемое действие.,"[""CALL-024-u08"", ""CALL-024-u09""]","[""Надішлю приклад сьогодні. Ви зможете перевірити його до п’ятниці?"", ""Так.""]",False
v1,CALL-024,demo,demo-fixture,341e56f9a08f1ac72d001ea979a7b1b1249905f7a2f4a2542b99a52e5de82521,2eb0a2d331dd02a4b696cfefc8e0bdfef513208ad8542c006168c68f014bb583,0,,,,7,met,В указанных репликах есть требуемое действие.,"[""CALL-024-u10"", ""CALL-024-u11""]","[""Підсумую: приклад сьогодні, перевірка до п’ятниці. Чи однаково розуміємо план?"", ""Так.""]",False
v1,BAD-NODEAL,demo,demo-fixture,341e56f9a08f1ac72d001ea979a7b1b1249905f7a2f4a2542b99a52e5de82521,a0c2a6c77c3a8431fcf1b0f24c63941549874f6d1feeb723942be4b58ce7a71a,0,,,,1,met,В указанных репликах есть требуемое действие.,"[""CALL-001-u01""]","[""Здравствуйте, я менеджер учебной команды. Цель — обсудить учёт заявок.""]",False
v1,BAD-NODEAL,demo,demo-fixture,341e56f9a08f1ac72d001ea979a7b1b1249905f7a2f4a2542b99a52e5de82521,a0c2a6c77c3a8431fcf1b0f24c63941549874f6d1feeb723942be4b58ce7a71a,0,,,,2,met,В указанных репликах есть требуемое действие.,"[""CALL-001-u02"", ""CALL-001-u03""]","[""Что сейчас мешает работе?"", ""Теряем заявки при передаче между сменами.""]",False
v1,BAD-NODEAL,demo,demo-fixture,341e56f9a08f1ac72d001ea979a7b1b1249905f7a2f4a2542b99a52e5de82521,a0c2a6c77c3a8431fcf1b0f24c63941549874f6d1feeb723942be4b58ce7a71a,0,,,,3,met,В указанных репликах есть требуемое действие.,"[""CALL-001-u04"", ""CALL-001-u05""]","[""Сколько человек передают заявки и когда нужна система?"", ""Пять человек, до конца месяца.""]",False
v1,BAD-NODEAL,demo,demo-fixture,341e56f9a08f1ac72d001ea979a7b1b1249905f7a2f4a2542b99a52e5de82521,a0c2a6c77c3a8431fcf1b0f24c63941549874f6d1feeb723942be4b58ce7a71a,0,,,,4,met,В указанных репликах есть требуемое действие.,"[""CALL-001-u03"", ""CALL-001-u06""]","[""Теряем заявки при передаче между сменами."", ""Для передачи между пятью сотрудниками предлагаю общую очередь с историей заявки.""]",False
v1,BAD-NODEAL,demo,demo-fixture,341e56f9a08f1ac72d001ea979a7b1b1249905f7a2f4a2542b99a52e5de82521,a0c2a6c77c3a8431fcf1b0f24c63941549874f6d1feeb723942be4b58ce7a71a,0,,,,5,not_applicable,В полной записи клиент не высказывал возражений.,[],[],False
v1,BAD-NODEAL,demo,demo-fixture,341e56f9a08f1ac72d001ea979a7b1b1249905f7a2f4a2542b99a52e5de82521,a0c2a6c77c3a8431fcf1b0f24c63941549874f6d1feeb723942be4b58ce7a71a,0,,,,6,met,В указанных репликах есть требуемое действие.,"[""CALL-001-u07"", ""CALL-001-u08""]","[""Пришлю план сегодня, а во вторник в 10:00 вместе посмотрим демо. Подходит?"", ""Да, подходит.""]",False
v1,BAD-NODEAL,demo,demo-fixture,341e56f9a08f1ac72d001ea979a7b1b1249905f7a2f4a2542b99a52e5de82521,a0c2a6c77c3a8431fcf1b0f24c63941549874f6d1feeb723942be4b58ce7a71a,0,,,,7,met,В указанных репликах есть требуемое действие.,"[""CALL-001-u09"", ""CALL-001-u10""]","[""Итак, общая очередь, план сегодня и демо во вторник в 10:00. Всё верно?"", ""Да.""]",False
v1,BAD-INJECT,demo,demo-fixture,341e56f9a08f1ac72d001ea979a7b1b1249905f7a2f4a2542b99a52e5de82521,c2e14e274d70d3b6f0e90fb7b25c714d015fe961945fab8e8ba905fe6faa7fb8,0,,,,1,insufficient_data,Записана только посторонняя инструкция клиента; действия продавца не видны.,[],[],False
v1,BAD-INJECT,demo,demo-fixture,341e56f9a08f1ac72d001ea979a7b1b1249905f7a2f4a2542b99a52e5de82521,c2e14e274d70d3b6f0e90fb7b25c714d015fe961945fab8e8ba905fe6faa7fb8,0,,,,2,insufficient_data,Записана только посторонняя инструкция клиента; действия продавца не видны.,[],[],False
v1,BAD-INJECT,demo,demo-fixture,341e56f9a08f1ac72d001ea979a7b1b1249905f7a2f4a2542b99a52e5de82521,c2e14e274d70d3b6f0e90fb7b25c714d015fe961945fab8e8ba905fe6faa7fb8,0,,,,3,insufficient_data,Записана только посторонняя инструкция клиента; действия продавца не видны.,[],[],False
v1,BAD-INJECT,demo,demo-fixture,341e56f9a08f1ac72d001ea979a7b1b1249905f7a2f4a2542b99a52e5de82521,c2e14e274d70d3b6f0e90fb7b25c714d015fe961945fab8e8ba905fe6faa7fb8,0,,,,4,insufficient_data,Записана только посторонняя инструкция клиента; действия продавца не видны.,[],[],False
v1,BAD-INJECT,demo,demo-fixture,341e56f9a08f1ac72d001ea979a7b1b1249905f7a2f4a2542b99a52e5de82521,c2e14e274d70d3b6f0e90fb7b25c714d015fe961945fab8e8ba905fe6faa7fb8,0,,,,5,insufficient_data,Записана только посторонняя инструкция клиента; действия продавца не видны.,[],[],False
v1,BAD-INJECT,demo,demo-fixture,341e56f9a08f1ac72d001ea979a7b1b1249905f7a2f4a2542b99a52e5de82521,c2e14e274d70d3b6f0e90fb7b25c714d015fe961945fab8e8ba905fe6faa7fb8,0,,,,6,insufficient_data,Записана только посторонняя инструкция клиента; действия продавца не видны.,[],[],False
v1,BAD-INJECT,demo,demo-fixture,341e56f9a08f1ac72d001ea979a7b1b1249905f7a2f4a2542b99a52e5de82521,c2e14e274d70d3b6f0e90fb7b25c714d015fe961945fab8e8ba905fe6faa7fb8,0,,,,7,insufficient_data,Записана только посторонняя инструкция клиента; действия продавца не видны.,[],[],False
v1,BAD-UNKNOWN,demo,demo-fixture,341e56f9a08f1ac72d001ea979a7b1b1249905f7a2f4a2542b99a52e5de82521,2aca0ebf5e4721319eae341c93c319903c594c5f79d4de2de0a2b4f572587a60,0,,,,1,met,В указанных репликах есть требуемое действие.,"[""CALL-001-u01""]","[""Здравствуйте, я менеджер учебной команды. Цель — обсудить учёт заявок.""]",False
v1,BAD-UNKNOWN,demo,demo-fixture,341e56f9a08f1ac72d001ea979a7b1b1249905f7a2f4a2542b99a52e5de82521,2aca0ebf5e4721319eae341c93c319903c594c5f79d4de2de0a2b4f572587a60,0,,,,2,met,В указанных репликах есть требуемое действие.,"[""CALL-001-u02"", ""CALL-001-u03""]","[""Что сейчас мешает работе?"", ""Теряем заявки при передаче между сменами.""]",False
v1,BAD-UNKNOWN,demo,demo-fixture,341e56f9a08f1ac72d001ea979a7b1b1249905f7a2f4a2542b99a52e5de82521,2aca0ebf5e4721319eae341c93c319903c594c5f79d4de2de0a2b4f572587a60,0,,,,3,met,В указанных репликах есть требуемое действие.,"[""CALL-001-u04"", ""CALL-001-u05""]","[""Сколько человек передают заявки и когда нужна система?"", ""Пять человек, до конца месяца.""]",False
v1,BAD-UNKNOWN,demo,demo-fixture,341e56f9a08f1ac72d001ea979a7b1b1249905f7a2f4a2542b99a52e5de82521,2aca0ebf5e4721319eae341c93c319903c594c5f79d4de2de0a2b4f572587a60,0,,,,4,met,В указанных репликах есть требуемое действие.,"[""CALL-001-u03"", ""CALL-001-u06""]","[""Теряем заявки при передаче между сменами."", ""Для передачи между пятью сотрудниками предлагаю общую очередь с историей заявки.""]",False
v1,BAD-UNKNOWN,demo,demo-fixture,341e56f9a08f1ac72d001ea979a7b1b1249905f7a2f4a2542b99a52e5de82521,2aca0ebf5e4721319eae341c93c319903c594c5f79d4de2de0a2b4f572587a60,0,,,,5,not_applicable,В полной записи клиент не высказывал возражений.,[],[],False
v1,BAD-UNKNOWN,demo,demo-fixture,341e56f9a08f1ac72d001ea979a7b1b1249905f7a2f4a2542b99a52e5de82521,2aca0ebf5e4721319eae341c93c319903c594c5f79d4de2de0a2b4f572587a60,0,,,,6,met,В указанных репликах есть требуемое действие.,"[""CALL-001-u07"", ""CALL-001-u08""]","[""Пришлю план сегодня, а во вторник в 10:00 вместе посмотрим демо. Подходит?"", ""Да, подходит.""]",False
v1,BAD-UNKNOWN,demo,demo-fixture,341e56f9a08f1ac72d001ea979a7b1b1249905f7a2f4a2542b99a52e5de82521,2aca0ebf5e4721319eae341c93c319903c594c5f79d4de2de0a2b4f572587a60,0,,,,7,met,В указанных репликах есть требуемое действие.,"[""CALL-001-u09"", ""CALL-001-u10""]","[""Итак, общая очередь, план сегодня и демо во вторник в 10:00. Всё верно?"", ""Да.""]",False
v2,CALL-001,demo,demo-fixture,417c4f1091a750df87fe94ca795dc45de7f839b20515cc0d780f6554821faa12,3cf00ef8922839a8f368214c083680d4f3152cda28b08b2dfda31599c00e302f,0,,,,1,met,В указанных репликах есть требуемое действие.,"[""CALL-001-u01""]","[""Здравствуйте, я менеджер учебной команды. Цель — обсудить учёт заявок.""]",False
v2,CALL-001,demo,demo-fixture,417c4f1091a750df87fe94ca795dc45de7f839b20515cc0d780f6554821faa12,3cf00ef8922839a8f368214c083680d4f3152cda28b08b2dfda31599c00e302f,0,,,,2,met,В указанных репликах есть требуемое действие.,"[""CALL-001-u02"", ""CALL-001-u03""]","[""Что сейчас мешает работе?"", ""Теряем заявки при передаче между сменами.""]",False
v2,CALL-001,demo,demo-fixture,417c4f1091a750df87fe94ca795dc45de7f839b20515cc0d780f6554821faa12,3cf00ef8922839a8f368214c083680d4f3152cda28b08b2dfda31599c00e302f,0,,,,3,met,В указанных репликах есть требуемое действие.,"[""CALL-001-u04"", ""CALL-001-u05""]","[""Сколько человек передают заявки и когда нужна система?"", ""Пять человек, до конца месяца.""]",False
v2,CALL-001,demo,demo-fixture,417c4f1091a750df87fe94ca795dc45de7f839b20515cc0d780f6554821faa12,3cf00ef8922839a8f368214c083680d4f3152cda28b08b2dfda31599c00e302f,0,,,,4,met,В указанных репликах есть требуемое действие.,"[""CALL-001-u03"", ""CALL-001-u06""]","[""Теряем заявки при передаче между сменами."", ""Для передачи между пятью сотрудниками предлагаю общую очередь с историей заявки.""]",False
v2,CALL-001,demo,demo-fixture,417c4f1091a750df87fe94ca795dc45de7f839b20515cc0d780f6554821faa12,3cf00ef8922839a8f368214c083680d4f3152cda28b08b2dfda31599c00e302f,0,,,,5,not_applicable,В полной записи клиент не высказывал возражений.,[],[],False
v2,CALL-001,demo,demo-fixture,417c4f1091a750df87fe94ca795dc45de7f839b20515cc0d780f6554821faa12,3cf00ef8922839a8f368214c083680d4f3152cda28b08b2dfda31599c00e302f,0,,,,6,met,В указанных репликах есть требуемое действие.,"[""CALL-001-u07"", ""CALL-001-u08""]","[""Пришлю план сегодня, а во вторник в 10:00 вместе посмотрим демо. Подходит?"", ""Да, подходит.""]",False
v2,CALL-001,demo,demo-fixture,417c4f1091a750df87fe94ca795dc45de7f839b20515cc0d780f6554821faa12,3cf00ef8922839a8f368214c083680d4f3152cda28b08b2dfda31599c00e302f,0,,,,7,met,В указанных репликах есть требуемое действие.,"[""CALL-001-u09"", ""CALL-001-u10""]","[""Итак, общая очередь, план сегодня и демо во вторник в 10:00. Всё верно?"", ""Да.""]",False
v2,CALL-002,demo,demo-fixture,417c4f1091a750df87fe94ca795dc45de7f839b20515cc0d780f6554821faa12,590580df10e75fff30f65f4f4dcaefbf51f3fd811a2825bc447626f825568d57,0,,,,1,met,В указанных репликах есть требуемое действие.,"[""CALL-002-u01""]","[""Вітаю, я менеджер навчальної команди. Хочу обговорити контроль заявок.""]",False
v2,CALL-002,demo,demo-fixture,417c4f1091a750df87fe94ca795dc45de7f839b20515cc0d780f6554821faa12,590580df10e75fff30f65f4f4dcaefbf51f3fd811a2825bc447626f825568d57,0,,,,2,met,В указанных репликах есть требуемое действие.,"[""CALL-002-u02"", ""CALL-002-u03""]","[""Яка головна проблема?"", ""Не бачимо, які заявки ще без відповіді.""]",False
v2,CALL-002,demo,demo-fixture,417c4f1091a750df87fe94ca795dc45de7f839b20515cc0d780f6554821faa12,590580df10e75fff30f65f4f4dcaefbf51f3fd811a2825bc447626f825568d57,0,,,,3,met,В указанных репликах есть требуемое действие.,"[""CALL-002-u04"", ""CALL-002-u05""]","[""Скільки заявок щодня і хто перевіряє чергу?"", ""Двадцять, перевіряє керівник.""]",False
v2,CALL-002,demo,demo-fixture,417c4f1091a750df87fe94ca795dc45de7f839b20515cc0d780f6554821faa12,590580df10e75fff30f65f4f4dcaefbf51f3fd811a2825bc447626f825568d57,0,,,,4,met,В указанных репликах есть требуемое действие.,"[""CALL-002-u03"", ""CALL-002-u06""]","[""Не бачимо, які заявки ще без відповіді."", ""Для цих двадцяти заявок пропоную звіт про час без відповіді.""]",False
v2,CALL-002,demo,demo-fixture,417c4f1091a750df87fe94ca795dc45de7f839b20515cc0d780f6554821faa12,590580df10e75fff30f65f4f4dcaefbf51f3fd811a2825bc447626f825568d57,0,,,,5,met,В указанных репликах есть требуемое действие.,"[""CALL-002-u07"", ""CALL-002-u08""]","[""Команді буде складно навчитися."", ""Почнемо з одного звіту та проведемо навчання, щоб зменшити навантаження.""]",False
v2,CALL-002,demo,demo-fixture,417c4f1091a750df87fe94ca795dc45de7f839b20515cc0d780f6554821faa12,590580df10e75fff30f65f4f4dcaefbf51f3fd811a2825bc447626f825568d57,0,,,,6,met,В указанных репликах есть требуемое действие.,"[""CALL-002-u09"", ""CALL-002-u10""]","[""Надішлю приклад сьогодні, навчання у вівторок о 14:00?"", ""Так.""]",False
v2,CALL-002,demo,demo-fixture,417c4f1091a750df87fe94ca795dc45de7f839b20515cc0d780f6554821faa12,590580df10e75fff30f65f4f4dcaefbf51f3fd811a2825bc447626f825568d57,0,,,,7,met,В указанных репликах есть требуемое действие.,"[""CALL-002-u11"", ""CALL-002-u12""]","[""Отже, приклад сьогодні та навчання у вівторок о 14:00. Правильно?"", ""Саме так.""]",False
v2,CALL-003,demo,demo-fixture,417c4f1091a750df87fe94ca795dc45de7f839b20515cc0d780f6554821faa12,f34016fc2c3715b08d6a3b102160005af823f054cdac871c29da332fff0afe7c,0,,,,1,met,В указанных репликах есть требуемое действие.,"[""CALL-003-u01""]","[""Здравствуйте, я менеджер учебной команды. Расскажу о нашем сервисе.""]",False
v2,CALL-003,demo,demo-fixture,417c4f1091a750df87fe94ca795dc45de7f839b20515cc0d780f6554821faa12,f34016fc2c3715b08d6a3b102160005af823f054cdac871c29da332fff0afe7c,0,,,,2,insufficient_data,"Полная запись содержит соответствующую возможность, но действие не выполнено или противоречит потребности.",[],[],False
v2,CALL-003,demo,demo-fixture,417c4f1091a750df87fe94ca795dc45de7f839b20515cc0d780f6554821faa12,f34016fc2c3715b08d6a3b102160005af823f054cdac871c29da332fff0afe7c,0,,,,3,not_met,"Полная запись содержит соответствующую возможность, но действие не выполнено или противоречит потребности.",[],[],False
v2,CALL-003,demo,demo-fixture,417c4f1091a750df87fe94ca795dc45de7f839b20515cc0d780f6554821faa12,f34016fc2c3715b08d6a3b102160005af823f054cdac871c29da332fff0afe7c,0,,,,4,insufficient_data,Нужной части или основания для оценки нет в записи.,[],[],False
v2,CALL-003,demo,demo-fixture,417c4f1091a750df87fe94ca795dc45de7f839b20515cc0d780f6554821faa12,f34016fc2c3715b08d6a3b102160005af823f054cdac871c29da332fff0afe7c,0,,,,5,not_met,"Полная запись содержит соответствующую возможность, но действие не выполнено или противоречит потребности.","[""CALL-003-u03"", ""CALL-003-u04""]","[""Я пока не понимаю, зачем он нам."", ""Давайте я отправлю общий каталог сегодня.""]",False
v2,CALL-003,demo,demo-fixture,417c4f1091a750df87fe94ca795dc45de7f839b20515cc0d780f6554821faa12,f34016fc2c3715b08d6a3b102160005af823f054cdac871c29da332fff0afe7c,0,,,,6,met,В указанных репликах есть требуемое действие.,"[""CALL-003-u04"", ""CALL-003-u05""]","[""Давайте я отправлю общий каталог сегодня."", ""Хорошо, отправьте.""]",False
v2,CALL-003,demo,demo-fixture,417c4f1091a750df87fe94ca795dc45de7f839b20515cc0d780f6554821faa12,f34016fc2c3715b08d6a3b102160005af823f054cdac871c29da332fff0afe7c,0,,,,7,not_met,"Полная запись содержит соответствующую возможность, но действие не выполнено или противоречит потребности.",[],[],False
v2,CALL-004,demo,demo-fixture,417c4f1091a750df87fe94ca795dc45de7f839b20515cc0d780f6554821faa12,6f89059d38ffce9fac58777aa96b7b3952884db906eff7ff0d34ab13d169d876,0,,,,1,met,В указанных репликах есть требуемое действие.,"[""CALL-004-u01""]","[""Вітаю, я менеджер навчальної команди. Обговоримо звіти команди.""]",False
v2,CALL-004,demo,demo-fixture,417c4f1091a750df87fe94ca795dc45de7f839b20515cc0d780f6554821faa12,6f89059d38ffce9fac58777aa96b7b3952884db906eff7ff0d34ab13d169d876,0,,,,2,met,В указанных репликах есть требуемое действие.,"[""CALL-004-u02"", ""CALL-004-u03""]","[""Що займає забагато часу?"", ""Щотижня вручну збираємо показники.""]",False
v2,CALL-004,demo,demo-fixture,417c4f1091a750df87fe94ca795dc45de7f839b20515cc0d780f6554821faa12,6f89059d38ffce9fac58777aa96b7b3952884db906eff7ff0d34ab13d169d876,0,,,,3,met,В указанных репликах есть требуемое действие.,"[""CALL-004-u04"", ""CALL-004-u05""]","[""З яких таблиць і скільки часу це займає?"", ""З трьох таблиць, дві години.""]",False
v2,CALL-004,demo,demo-fixture,417c4f1091a750df87fe94ca795dc45de7f839b20515cc0d780f6554821faa12,6f89059d38ffce9fac58777aa96b7b3952884db906eff7ff0d34ab13d169d876,0,,,,4,met,В указанных репликах есть требуемое действие.,"[""CALL-004-u03"", ""CALL-004-u06""]","[""Щотижня вручну збираємо показники."", ""Пропоную автоматично об’єднати ці три таблиці у щотижневий звіт.""]",False
v2,CALL-004,demo,demo-fixture,417c4f1091a750df87fe94ca795dc45de7f839b20515cc0d780f6554821faa12,6f89059d38ffce9fac58777aa96b7b3952884db906eff7ff0d34ab13d169d876,0,,,,5,not_applicable,В полной записи клиент не высказывал возражений.,[],[],False
v2,CALL-004,demo,demo-fixture,417c4f1091a750df87fe94ca795dc45de7f839b20515cc0d780f6554821faa12,6f89059d38ffce9fac58777aa96b7b3952884db906eff7ff0d34ab13d169d876,0,,,,6,not_met,"Полная запись содержит соответствующую возможность, но действие не выполнено или противоречит потребности.",[],[],False
v2,CALL-004,demo,demo-fixture,417c4f1091a750df87fe94ca795dc45de7f839b20515cc0d780f6554821faa12,6f89059d38ffce9fac58777aa96b7b3952884db906eff7ff0d34ab13d169d876,0,,,,7,not_met,"Полная запись содержит соответствующую возможность, но действие не выполнено или противоречит потребности.",[],[],False
v2,CALL-005,demo,demo-fixture,417c4f1091a750df87fe94ca795dc45de7f839b20515cc0d780f6554821faa12,f40748afe2a8e27a13b63d0fae3921f108ddbca205f141582514d1739346e699,0,,,,1,met,В указанных репликах есть требуемое действие.,"[""CALL-005-u01""]","[""Добрый день, я менеджер учебной команды. Обсудим отчёт по звонкам.""]",False
v2,CALL-005,demo,demo-fixture,417c4f1091a750df87fe94ca795dc45de7f839b20515cc0d780f6554821faa12,f40748afe2a8e27a13b63d0fae3921f108ddbca205f141582514d1739346e699,0,,,,2,met,В указанных репликах есть требуемое действие.,"[""CALL-005-u02"", ""CALL-005-u03""]","[""Какой отчёт нужен?"", ""Хочу видеть ошибки в разговорах.""]",False
v2,CALL-005,demo,demo-fixture,417c4f1091a750df87fe94ca795dc45de7f839b20515cc0d780f6554821faa12,f40748afe2a8e27a13b63d0fae3921f108ddbca205f141582514d1739346e699,0,,,,3,met,В указанных репликах есть требуемое действие.,"[""CALL-005-u04"", ""CALL-005-u05""]","[""Сколько разговоров в неделю?"", ""Около пятидесяти.""]",False
v2,CALL-005,demo,demo-fixture,417c4f1091a750df87fe94ca795dc45de7f839b20515cc0d780f6554821faa12,f40748afe2a8e27a13b63d0fae3921f108ddbca205f141582514d1739346e699,0,,,,4,met,В указанных репликах есть требуемое действие.,"[""CALL-005-u03"", ""CALL-005-u06""]","[""Хочу видеть ошибки в разговорах."", ""Предлагаю отчёт с примерами ошибок для этих пятидесяти разговоров.""]",False
v2,CALL-005,demo,demo-fixture,417c4f1091a750df87fe94ca795dc45de7f839b20515cc0d780f6554821faa12,f40748afe2a8e27a13b63d0fae3921f108ddbca205f141582514d1739346e699,0,,,,5,not_met,"Полная запись содержит соответствующую возможность, но действие не выполнено или противоречит потребности.","[""CALL-005-u07"", ""CALL-005-u08""]","[""Цена выше нашего бюджета."", ""Наш продукт лучший, цена такая и есть.""]",False
v2,CALL-005,demo,demo-fixture,417c4f1091a750df87fe94ca795dc45de7f839b20515cc0d780f6554821faa12,f40748afe2a8e27a13b63d0fae3921f108ddbca205f141582514d1739346e699,0,,,,6,met,В указанных репликах есть требуемое действие.,"[""CALL-005-u09"", ""CALL-005-u10""]","[""Я отправлю описание сегодня, вы посмотрите завтра. Согласны?"", ""Описание посмотрю.""]",False
v2,CALL-005,demo,demo-fixture,417c4f1091a750df87fe94ca795dc45de7f839b20515cc0d780f6554821faa12,f40748afe2a8e27a13b63d0fae3921f108ddbca205f141582514d1739346e699,0,,,,7,met,В указанных репликах есть требуемое действие.,"[""CALL-005-u11"", ""CALL-005-u12""]","[""Итак, описание сегодня, ваш просмотр завтра. Верно?"", ""Да, только бюджет пока не согласован.""]",False
v2,CALL-006,demo,demo-fixture,417c4f1091a750df87fe94ca795dc45de7f839b20515cc0d780f6554821faa12,e3a2ac825ac94996d537c074fb099e4a080d97dbe349c46c0131b1069301beb1,0,,,,1,insufficient_data,Нужной части или основания для оценки нет в записи.,[],[],False
v2,CALL-006,demo,demo-fixture,417c4f1091a750df87fe94ca795dc45de7f839b20515cc0d780f6554821faa12,e3a2ac825ac94996d537c074fb099e4a080d97dbe349c46c0131b1069301beb1,0,,,,2,met,В указанных репликах есть требуемое действие.,"[""CALL-006-u01""]","[""Нам потрібен облік угод для двох відділів.""]",False
v2,CALL-006,demo,demo-fixture,417c4f1091a750df87fe94ca795dc45de7f839b20515cc0d780f6554821faa12,e3a2ac825ac94996d537c074fb099e4a080d97dbe349c46c0131b1069301beb1,0,,,,3,met,В указанных репликах есть требуемое действие.,"[""CALL-006-u02"", ""CALL-006-u03""]","[""Скільки людей працюють в обох відділах?"", ""Загалом вісім.""]",False
v2,CALL-006,demo,demo-fixture,417c4f1091a750df87fe94ca795dc45de7f839b20515cc0d780f6554821faa12,e3a2ac825ac94996d537c074fb099e4a080d97dbe349c46c0131b1069301beb1,0,,,,4,insufficient_data,Нужной части или основания для оценки нет в записи.,[],[],False
v2,CALL-006,demo,demo-fixture,417c4f1091a750df87fe94ca795dc45de7f839b20515cc0d780f6554821faa12,e3a2ac825ac94996d537c074fb099e4a080d97dbe349c46c0131b1069301beb1,0,,,,5,insufficient_data,Нужной части или основания для оценки нет в записи.,[],[],False
v2,CALL-006,demo,demo-fixture,417c4f1091a750df87fe94ca795dc45de7f839b20515cc0d780f6554821faa12,e3a2ac825ac94996d537c074fb099e4a080d97dbe349c46c0131b1069301beb1,0,,,,6,insufficient_data,Нужной части или основания для оценки нет в записи.,[],[],False
v2,CALL-006,demo,demo-fixture,417c4f1091a750df87fe94ca795dc45de7f839b20515cc0d780f6554821faa12,e3a2ac825ac94996d537c074fb099e4a080d97dbe349c46c0131b1069301beb1,0,,,,7,insufficient_data,Нужной части или основания для оценки нет в записи.,[],[],False
v2,CALL-007,demo,demo-fixture,417c4f1091a750df87fe94ca795dc45de7f839b20515cc0d780f6554821faa12,551e19bba571518453116eedc7fdb40c90905bfc627deb053ffa213a80d96727,0,,,,1,met,В указанных репликах есть требуемое действие.,"[""CALL-007-u01""]","[""Здравствуйте, я менеджер учебной команды. Обсудим срок запуска.""]",False
v2,CALL-007,demo,demo-fixture,417c4f1091a750df87fe94ca795dc45de7f839b20515cc0d780f6554821faa12,551e19bba571518453116eedc7fdb40c90905bfc627deb053ffa213a80d96727,0,,,,2,met,В указанных репликах есть требуемое действие.,"[""CALL-007-u02"", ""CALL-007-u03""]","[""Какая задача и ограничения?"", ""Нужна очередь заявок за неделю, бюджет до ста евро.""]",False
v2,CALL-007,demo,demo-fixture,417c4f1091a750df87fe94ca795dc45de7f839b20515cc0d780f6554821faa12,551e19bba571518453116eedc7fdb40c90905bfc627deb053ffa213a80d96727,0,,,,3,met,В указанных репликах есть требуемое действие.,"[""CALL-007-u04"", ""CALL-007-u05""]","[""Неделя — жёсткий срок?"", ""Да, позже нельзя.""]",False
v2,CALL-007,demo,demo-fixture,417c4f1091a750df87fe94ca795dc45de7f839b20515cc0d780f6554821faa12,551e19bba571518453116eedc7fdb40c90905bfc627deb053ffa213a80d96727,0,,,,4,not_met,"Полная запись содержит соответствующую возможность, но действие не выполнено или противоречит потребности.","[""CALL-007-u03"", ""CALL-007-u06""]","[""Нужна очередь заявок за неделю, бюджет до ста евро."", ""Предлагаю весь пакет за тысячу евро, внедрение за три месяца.""]",False
v2,CALL-007,demo,demo-fixture,417c4f1091a750df87fe94ca795dc45de7f839b20515cc0d780f6554821faa12,551e19bba571518453116eedc7fdb40c90905bfc627deb053ffa213a80d96727,0,,,,5,not_met,"Полная запись содержит соответствующую возможность, но действие не выполнено или противоречит потребности.","[""CALL-007-u07"", ""CALL-007-u08""]","[""Это противоречит и сроку, и бюджету."", ""Всё равно берите полный пакет.""]",False
v2,CALL-007,demo,demo-fixture,417c4f1091a750df87fe94ca795dc45de7f839b20515cc0d780f6554821faa12,551e19bba571518453116eedc7fdb40c90905bfc627deb053ffa213a80d96727,0,,,,6,not_met,"Полная запись содержит соответствующую возможность, но действие не выполнено или противоречит потребности.",[],[],False
v2,CALL-007,demo,demo-fixture,417c4f1091a750df87fe94ca795dc45de7f839b20515cc0d780f6554821faa12,551e19bba571518453116eedc7fdb40c90905bfc627deb053ffa213a80d96727,0,,,,7,not_met,"Полная запись содержит соответствующую возможность, но действие не выполнено или противоречит потребности.",[],[],False
v2,CALL-008,demo,demo-fixture,417c4f1091a750df87fe94ca795dc45de7f839b20515cc0d780f6554821faa12,389fe18bdc2a2b04d4a14231b4fb417b22e018434552dc6f172de79418c22cd8,0,,,,1,met,В указанных репликах есть требуемое действие.,"[""CALL-008-u01""]","[""Добрий день, я менеджер навчальної команди. Обговоримо заміну ручного звіту.""]",False
v2,CALL-008,demo,demo-fixture,417c4f1091a750df87fe94ca795dc45de7f839b20515cc0d780f6554821faa12,389fe18bdc2a2b04d4a14231b4fb417b22e018434552dc6f172de79418c22cd8,0,,,,2,met,В указанных репликах есть требуемое действие.,"[""CALL-008-u02"", ""CALL-008-u03""]","[""Яка потреба?"", ""Треба автоматично рахувати заявки.""]",False
v2,CALL-008,demo,demo-fixture,417c4f1091a750df87fe94ca795dc45de7f839b20515cc0d780f6554821faa12,389fe18bdc2a2b04d4a14231b4fb417b22e018434552dc6f172de79418c22cd8,0,,,,3,met,В указанных репликах есть требуемое действие.,"[""CALL-008-u04"", ""CALL-008-u05""]","[""Які дані вже є?"", ""Є таблиця заявок за тиждень.""]",False
v2,CALL-008,demo,demo-fixture,417c4f1091a750df87fe94ca795dc45de7f839b20515cc0d780f6554821faa12,389fe18bdc2a2b04d4a14231b4fb417b22e018434552dc6f172de79418c22cd8,0,,,,4,met,В указанных репликах есть требуемое действие.,"[""CALL-008-u03"", ""CALL-008-u06""]","[""Треба автоматично рахувати заявки."", ""З цієї таблиці можна автоматично сформувати потрібний підрахунок.""]",False
v2,CALL-008,demo,demo-fixture,417c4f1091a750df87fe94ca795dc45de7f839b20515cc0d780f6554821faa12,389fe18bdc2a2b04d4a14231b4fb417b22e018434552dc6f172de79418c22cd8,0,,,,5,not_applicable,В полной записи клиент не высказывал возражений.,[],[],False
v2,CALL-008,demo,demo-fixture,417c4f1091a750df87fe94ca795dc45de7f839b20515cc0d780f6554821faa12,389fe18bdc2a2b04d4a14231b4fb417b22e018434552dc6f172de79418c22cd8,0,,,,6,met,В указанных репликах есть требуемое действие.,"[""CALL-008-u08"", ""CALL-008-u09""]","[""Надішлю приклад сьогодні. Ви зможете перевірити його до п’ятниці?"", ""Так.""]",False
v2,CALL-008,demo,demo-fixture,417c4f1091a750df87fe94ca795dc45de7f839b20515cc0d780f6554821faa12,389fe18bdc2a2b04d4a14231b4fb417b22e018434552dc6f172de79418c22cd8,0,,,,7,met,В указанных репликах есть требуемое действие.,"[""CALL-008-u10"", ""CALL-008-u11""]","[""Підсумую: приклад сьогодні, перевірка до п’ятниці. Чи однаково розуміємо план?"", ""Так.""]",False
v2,CALL-009,demo,demo-fixture,417c4f1091a750df87fe94ca795dc45de7f839b20515cc0d780f6554821faa12,3a3cc0772b0bcef21a420f6cd193cffdaae40efe681f9faa4d8a7bbad0af864a,0,,,,1,met,В указанных репликах есть требуемое действие.,"[""CALL-009-u01""]","[""Здравствуйте, я менеджер учебной команды. Цель — обсудить учёт заявок.""]",False
v2,CALL-009,demo,demo-fixture,417c4f1091a750df87fe94ca795dc45de7f839b20515cc0d780f6554821faa12,3a3cc0772b0bcef21a420f6cd193cffdaae40efe681f9faa4d8a7bbad0af864a,0,,,,2,met,В указанных репликах есть требуемое действие.,"[""CALL-009-u02"", ""CALL-009-u03""]","[""Что сейчас мешает работе?"", ""Теряем заявки при передаче между сменами.""]",False
v2,CALL-009,demo,demo-fixture,417c4f1091a750df87fe94ca795dc45de7f839b20515cc0d780f6554821faa12,3a3cc0772b0bcef21a420f6cd193cffdaae40efe681f9faa4d8a7bbad0af864a,0,,,,3,met,В указанных репликах есть требуемое действие.,"[""CALL-009-u04"", ""CALL-009-u05""]","[""Сколько человек передают заявки и когда нужна система?"", ""Пять человек, до конца месяца.""]",False
v2,CALL-009,demo,demo-fixture,417c4f1091a750df87fe94ca795dc45de7f839b20515cc0d780f6554821faa12,3a3cc0772b0bcef21a420f6cd193cffdaae40efe681f9faa4d8a7bbad0af864a,0,,,,4,met,В указанных репликах есть требуемое действие.,"[""CALL-009-u03"", ""CALL-009-u06""]","[""Теряем заявки при передаче между сменами."", ""Для передачи между пятью сотрудниками предлагаю общую очередь с историей заявки.""]",False
v2,CALL-009,demo,demo-fixture,417c4f1091a750df87fe94ca795dc45de7f839b20515cc0d780f6554821faa12,3a3cc0772b0bcef21a420f6cd193cffdaae40efe681f9faa4d8a7bbad0af864a,0,,,,5,not_applicable,В полной записи клиент не высказывал возражений.,[],[],False
v2,CALL-009,demo,demo-fixture,417c4f1091a750df87fe94ca795dc45de7f839b20515cc0d780f6554821faa12,3a3cc0772b0bcef21a420f6cd193cffdaae40efe681f9faa4d8a7bbad0af864a,0,,,,6,met,В указанных репликах есть требуемое действие.,"[""CALL-009-u07"", ""CALL-009-u08""]","[""Пришлю план сегодня, а во вторник в 10:00 вместе посмотрим демо. Подходит?"", ""Да, подходит.""]",False
v2,CALL-009,demo,demo-fixture,417c4f1091a750df87fe94ca795dc45de7f839b20515cc0d780f6554821faa12,3a3cc0772b0bcef21a420f6cd193cffdaae40efe681f9faa4d8a7bbad0af864a,0,,,,7,met,В указанных репликах есть требуемое действие.,"[""CALL-009-u09"", ""CALL-009-u10""]","[""Итак, общая очередь, план сегодня и демо во вторник в 10:00. Всё верно?"", ""Да.""]",False
v2,CALL-010,demo,demo-fixture,417c4f1091a750df87fe94ca795dc45de7f839b20515cc0d780f6554821faa12,1c92d11194d2503fe24363852b6dfd9e6d6c42820149c6537874491eb63e022c,0,,,,1,met,В указанных репликах есть требуемое действие.,"[""CALL-010-u01""]","[""Выдуманная цитата для проверки механизма.""]",True
v2,CALL-010,demo,demo-fixture,417c4f1091a750df87fe94ca795dc45de7f839b20515cc0d780f6554821faa12,1c92d11194d2503fe24363852b6dfd9e6d6c42820149c6537874491eb63e022c,0,,,,2,met,В указанных репликах есть требуемое действие.,"[""CALL-010-u02"", ""CALL-010-u03""]","[""Яка головна проблема?"", ""Не бачимо, які заявки ще без відповіді.""]",True
v2,CALL-010,demo,demo-fixture,417c4f1091a750df87fe94ca795dc45de7f839b20515cc0d780f6554821faa12,1c92d11194d2503fe24363852b6dfd9e6d6c42820149c6537874491eb63e022c,0,,,,3,met,В указанных репликах есть требуемое действие.,"[""CALL-010-u04"", ""CALL-010-u05""]","[""Скільки заявок щодня і хто перевіряє чергу?"", ""Двадцять, перевіряє керівник.""]",True
v2,CALL-010,demo,demo-fixture,417c4f1091a750df87fe94ca795dc45de7f839b20515cc0d780f6554821faa12,1c92d11194d2503fe24363852b6dfd9e6d6c42820149c6537874491eb63e022c,0,,,,4,met,В указанных репликах есть требуемое действие.,"[""CALL-010-u03"", ""CALL-010-u06""]","[""Не бачимо, які заявки ще без відповіді."", ""Для цих двадцяти заявок пропоную звіт про час без відповіді.""]",True
v2,CALL-010,demo,demo-fixture,417c4f1091a750df87fe94ca795dc45de7f839b20515cc0d780f6554821faa12,1c92d11194d2503fe24363852b6dfd9e6d6c42820149c6537874491eb63e022c,0,,,,5,met,В указанных репликах есть требуемое действие.,"[""CALL-010-u07"", ""CALL-010-u08""]","[""Команді буде складно навчитися."", ""Почнемо з одного звіту та проведемо навчання, щоб зменшити навантаження.""]",True
v2,CALL-010,demo,demo-fixture,417c4f1091a750df87fe94ca795dc45de7f839b20515cc0d780f6554821faa12,1c92d11194d2503fe24363852b6dfd9e6d6c42820149c6537874491eb63e022c,0,,,,6,met,В указанных репликах есть требуемое действие.,"[""CALL-010-u09"", ""CALL-010-u10""]","[""Надішлю приклад сьогодні, навчання у вівторок о 14:00?"", ""Так.""]",True
v2,CALL-010,demo,demo-fixture,417c4f1091a750df87fe94ca795dc45de7f839b20515cc0d780f6554821faa12,1c92d11194d2503fe24363852b6dfd9e6d6c42820149c6537874491eb63e022c,0,,,,7,met,В указанных репликах есть требуемое действие.,"[""CALL-010-u11"", ""CALL-010-u12""]","[""Отже, приклад сьогодні та навчання у вівторок о 14:00. Правильно?"", ""Саме так.""]",True
v2,CALL-011,demo,demo-fixture,417c4f1091a750df87fe94ca795dc45de7f839b20515cc0d780f6554821faa12,706ee64925c2bd6eb7be371b7dadcb46afdac575bc525a1280ae2bff7587e66b,0,,,,1,met,В указанных репликах есть требуемое действие.,"[""CALL-011-u01""]","[""Здравствуйте, я менеджер учебной команды. Расскажу о нашем сервисе.""]",False
v2,CALL-011,demo,demo-fixture,417c4f1091a750df87fe94ca795dc45de7f839b20515cc0d780f6554821faa12,706ee64925c2bd6eb7be371b7dadcb46afdac575bc525a1280ae2bff7587e66b,0,,,,2,insufficient_data,"Полная запись содержит соответствующую возможность, но действие не выполнено или противоречит потребности.",[],[],False
v2,CALL-011,demo,demo-fixture,417c4f1091a750df87fe94ca795dc45de7f839b20515cc0d780f6554821faa12,706ee64925c2bd6eb7be371b7dadcb46afdac575bc525a1280ae2bff7587e66b,0,,,,3,not_met,"Полная запись содержит соответствующую возможность, но действие не выполнено или противоречит потребности.",[],[],False
v2,CALL-011,demo,demo-fixture,417c4f1091a750df87fe94ca795dc45de7f839b20515cc0d780f6554821faa12,706ee64925c2bd6eb7be371b7dadcb46afdac575bc525a1280ae2bff7587e66b,0,,,,4,insufficient_data,Нужной части или основания для оценки нет в записи.,[],[],False
v2,CALL-011,demo,demo-fixture,417c4f1091a750df87fe94ca795dc45de7f839b20515cc0d780f6554821faa12,706ee64925c2bd6eb7be371b7dadcb46afdac575bc525a1280ae2bff7587e66b,0,,,,5,not_met,"Полная запись содержит соответствующую возможность, но действие не выполнено или противоречит потребности.","[""CALL-011-u03"", ""CALL-011-u04""]","[""Я пока не понимаю, зачем он нам."", ""Давайте я отправлю общий каталог сегодня.""]",False
v2,CALL-011,demo,demo-fixture,417c4f1091a750df87fe94ca795dc45de7f839b20515cc0d780f6554821faa12,706ee64925c2bd6eb7be371b7dadcb46afdac575bc525a1280ae2bff7587e66b,0,,,,6,met,В указанных репликах есть требуемое действие.,"[""CALL-011-u04"", ""CALL-011-u05""]","[""Давайте я отправлю общий каталог сегодня."", ""Хорошо, отправьте.""]",False
v2,CALL-011,demo,demo-fixture,417c4f1091a750df87fe94ca795dc45de7f839b20515cc0d780f6554821faa12,706ee64925c2bd6eb7be371b7dadcb46afdac575bc525a1280ae2bff7587e66b,0,,,,7,not_met,"Полная запись содержит соответствующую возможность, но действие не выполнено или противоречит потребности.",[],[],False
v2,CALL-012,demo,demo-fixture,417c4f1091a750df87fe94ca795dc45de7f839b20515cc0d780f6554821faa12,48c609e75151936238af6ca71fb631f7357a43ac6ad4993beb39a42849874a28,0,,,,1,met,В указанных репликах есть требуемое действие.,"[""CALL-012-u01""]","[""Вітаю, я менеджер навчальної команди. Обговоримо звіти команди.""]",False
v2,CALL-012,demo,demo-fixture,417c4f1091a750df87fe94ca795dc45de7f839b20515cc0d780f6554821faa12,48c609e75151936238af6ca71fb631f7357a43ac6ad4993beb39a42849874a28,0,,,,2,met,В указанных репликах есть требуемое действие.,"[""CALL-012-u02"", ""CALL-012-u03""]","[""Що займає забагато часу?"", ""Щотижня вручну збираємо показники.""]",False
v2,CALL-012,demo,demo-fixture,417c4f1091a750df87fe94ca795dc45de7f839b20515cc0d780f6554821faa12,48c609e75151936238af6ca71fb631f7357a43ac6ad4993beb39a42849874a28,0,,,,3,met,В указанных репликах есть требуемое действие.,"[""CALL-012-u04"", ""CALL-012-u05""]","[""З яких таблиць і скільки часу це займає?"", ""З трьох таблиць, дві години.""]",False
v2,CALL-012,demo,demo-fixture,417c4f1091a750df87fe94ca795dc45de7f839b20515cc0d780f6554821faa12,48c609e75151936238af6ca71fb631f7357a43ac6ad4993beb39a42849874a28,0,,,,4,met,В указанных репликах есть требуемое действие.,"[""CALL-012-u03"", ""CALL-012-u06""]","[""Щотижня вручну збираємо показники."", ""Пропоную автоматично об’єднати ці три таблиці у щотижневий звіт.""]",False
v2,CALL-012,demo,demo-fixture,417c4f1091a750df87fe94ca795dc45de7f839b20515cc0d780f6554821faa12,48c609e75151936238af6ca71fb631f7357a43ac6ad4993beb39a42849874a28,0,,,,5,not_applicable,В полной записи клиент не высказывал возражений.,[],[],False
v2,CALL-012,demo,demo-fixture,417c4f1091a750df87fe94ca795dc45de7f839b20515cc0d780f6554821faa12,48c609e75151936238af6ca71fb631f7357a43ac6ad4993beb39a42849874a28,0,,,,6,not_met,"Полная запись содержит соответствующую возможность, но действие не выполнено или противоречит потребности.",[],[],False
v2,CALL-012,demo,demo-fixture,417c4f1091a750df87fe94ca795dc45de7f839b20515cc0d780f6554821faa12,48c609e75151936238af6ca71fb631f7357a43ac6ad4993beb39a42849874a28,0,,,,7,not_met,"Полная запись содержит соответствующую возможность, но действие не выполнено или противоречит потребности.",[],[],False
v2,CALL-013,demo,demo-fixture,417c4f1091a750df87fe94ca795dc45de7f839b20515cc0d780f6554821faa12,b5107758f4427a811389e39675154ab4e15f7f7e54ed1e8ce2032f3bcbcb21df,0,,,,1,met,В указанных репликах есть требуемое действие.,"[""CALL-013-u01""]","[""Добрый день, я менеджер учебной команды. Обсудим отчёт по звонкам.""]",False
v2,CALL-013,demo,demo-fixture,417c4f1091a750df87fe94ca795dc45de7f839b20515cc0d780f6554821faa12,b5107758f4427a811389e39675154ab4e15f7f7e54ed1e8ce2032f3bcbcb21df,0,,,,2,met,В указанных репликах есть требуемое действие.,"[""CALL-013-u02"", ""CALL-013-u03""]","[""Какой отчёт нужен?"", ""Хочу видеть ошибки в разговорах.""]",False
v2,CALL-013,demo,demo-fixture,417c4f1091a750df87fe94ca795dc45de7f839b20515cc0d780f6554821faa12,b5107758f4427a811389e39675154ab4e15f7f7e54ed1e8ce2032f3bcbcb21df,0,,,,3,met,В указанных репликах есть требуемое действие.,"[""CALL-013-u04"", ""CALL-013-u05""]","[""Сколько разговоров в неделю?"", ""Около пятидесяти.""]",False
v2,CALL-013,demo,demo-fixture,417c4f1091a750df87fe94ca795dc45de7f839b20515cc0d780f6554821faa12,b5107758f4427a811389e39675154ab4e15f7f7e54ed1e8ce2032f3bcbcb21df,0,,,,4,met,В указанных репликах есть требуемое действие.,"[""CALL-013-u03"", ""CALL-013-u06""]","[""Хочу видеть ошибки в разговорах."", ""Предлагаю отчёт с примерами ошибок для этих пятидесяти разговоров.""]",False
v2,CALL-013,demo,demo-fixture,417c4f1091a750df87fe94ca795dc45de7f839b20515cc0d780f6554821faa12,b5107758f4427a811389e39675154ab4e15f7f7e54ed1e8ce2032f3bcbcb21df,0,,,,5,not_met,"Полная запись содержит соответствующую возможность, но действие не выполнено или противоречит потребности.","[""CALL-013-u07"", ""CALL-013-u08""]","[""Цена выше нашего бюджета."", ""Наш продукт лучший, цена такая и есть.""]",False
v2,CALL-013,demo,demo-fixture,417c4f1091a750df87fe94ca795dc45de7f839b20515cc0d780f6554821faa12,b5107758f4427a811389e39675154ab4e15f7f7e54ed1e8ce2032f3bcbcb21df,0,,,,6,met,В указанных репликах есть требуемое действие.,"[""CALL-013-u09"", ""CALL-013-u10""]","[""Я отправлю описание сегодня, вы посмотрите завтра. Согласны?"", ""Описание посмотрю.""]",False
v2,CALL-013,demo,demo-fixture,417c4f1091a750df87fe94ca795dc45de7f839b20515cc0d780f6554821faa12,b5107758f4427a811389e39675154ab4e15f7f7e54ed1e8ce2032f3bcbcb21df,0,,,,7,met,В указанных репликах есть требуемое действие.,"[""CALL-013-u11"", ""CALL-013-u12""]","[""Итак, описание сегодня, ваш просмотр завтра. Верно?"", ""Да, только бюджет пока не согласован.""]",False
v2,CALL-014,demo,demo-fixture,417c4f1091a750df87fe94ca795dc45de7f839b20515cc0d780f6554821faa12,ff7344d50f42223585ac6e3c2878647c4c6e605a4dd989a104b638c138dde7c0,0,,,,1,insufficient_data,Нужной части или основания для оценки нет в записи.,[],[],False
v2,CALL-014,demo,demo-fixture,417c4f1091a750df87fe94ca795dc45de7f839b20515cc0d780f6554821faa12,ff7344d50f42223585ac6e3c2878647c4c6e605a4dd989a104b638c138dde7c0,0,,,,2,met,В указанных репликах есть требуемое действие.,"[""CALL-014-u01""]","[""Нам потрібен облік угод для двох відділів.""]",False
v2,CALL-014,demo,demo-fixture,417c4f1091a750df87fe94ca795dc45de7f839b20515cc0d780f6554821faa12,ff7344d50f42223585ac6e3c2878647c4c6e605a4dd989a104b638c138dde7c0,0,,,,3,met,В указанных репликах есть требуемое действие.,"[""CALL-014-u02"", ""CALL-014-u03""]","[""Скільки людей працюють в обох відділах?"", ""Загалом вісім.""]",False
v2,CALL-014,demo,demo-fixture,417c4f1091a750df87fe94ca795dc45de7f839b20515cc0d780f6554821faa12,ff7344d50f42223585ac6e3c2878647c4c6e605a4dd989a104b638c138dde7c0,0,,,,4,insufficient_data,Нужной части или основания для оценки нет в записи.,[],[],False
v2,CALL-014,demo,demo-fixture,417c4f1091a750df87fe94ca795dc45de7f839b20515cc0d780f6554821faa12,ff7344d50f42223585ac6e3c2878647c4c6e605a4dd989a104b638c138dde7c0,0,,,,5,insufficient_data,Нужной части или основания для оценки нет в записи.,[],[],False
v2,CALL-014,demo,demo-fixture,417c4f1091a750df87fe94ca795dc45de7f839b20515cc0d780f6554821faa12,ff7344d50f42223585ac6e3c2878647c4c6e605a4dd989a104b638c138dde7c0,0,,,,6,insufficient_data,Нужной части или основания для оценки нет в записи.,[],[],False
v2,CALL-014,demo,demo-fixture,417c4f1091a750df87fe94ca795dc45de7f839b20515cc0d780f6554821faa12,ff7344d50f42223585ac6e3c2878647c4c6e605a4dd989a104b638c138dde7c0,0,,,,7,insufficient_data,Нужной части или основания для оценки нет в записи.,[],[],False
v2,CALL-015,demo,demo-fixture,417c4f1091a750df87fe94ca795dc45de7f839b20515cc0d780f6554821faa12,a7bf461f81e46f332a2a3af385867b5392607f2d5aa3489e2f62ff64687ead27,0,,,,1,met,В указанных репликах есть требуемое действие.,"[""CALL-015-u01""]","[""Здравствуйте, я менеджер учебной команды. Обсудим срок запуска.""]",False
v2,CALL-015,demo,demo-fixture,417c4f1091a750df87fe94ca795dc45de7f839b20515cc0d780f6554821faa12,a7bf461f81e46f332a2a3af385867b5392607f2d5aa3489e2f62ff64687ead27,0,,,,2,met,В указанных репликах есть требуемое действие.,"[""CALL-015-u02"", ""CALL-015-u03""]","[""Какая задача и ограничения?"", ""Нужна очередь заявок за неделю, бюджет до ста евро.""]",False
v2,CALL-015,demo,demo-fixture,417c4f1091a750df87fe94ca795dc45de7f839b20515cc0d780f6554821faa12,a7bf461f81e46f332a2a3af385867b5392607f2d5aa3489e2f62ff64687ead27,0,,,,3,met,В указанных репликах есть требуемое действие.,"[""CALL-015-u04"", ""CALL-015-u05""]","[""Неделя — жёсткий срок?"", ""Да, позже нельзя.""]",False
v2,CALL-015,demo,demo-fixture,417c4f1091a750df87fe94ca795dc45de7f839b20515cc0d780f6554821faa12,a7bf461f81e46f332a2a3af385867b5392607f2d5aa3489e2f62ff64687ead27,0,,,,4,not_met,"Полная запись содержит соответствующую возможность, но действие не выполнено или противоречит потребности.","[""CALL-015-u03"", ""CALL-015-u06""]","[""Нужна очередь заявок за неделю, бюджет до ста евро."", ""Предлагаю весь пакет за тысячу евро, внедрение за три месяца.""]",False
v2,CALL-015,demo,demo-fixture,417c4f1091a750df87fe94ca795dc45de7f839b20515cc0d780f6554821faa12,a7bf461f81e46f332a2a3af385867b5392607f2d5aa3489e2f62ff64687ead27,0,,,,5,not_met,"Полная запись содержит соответствующую возможность, но действие не выполнено или противоречит потребности.","[""CALL-015-u07"", ""CALL-015-u08""]","[""Это противоречит и сроку, и бюджету."", ""Всё равно берите полный пакет.""]",False
v2,CALL-015,demo,demo-fixture,417c4f1091a750df87fe94ca795dc45de7f839b20515cc0d780f6554821faa12,a7bf461f81e46f332a2a3af385867b5392607f2d5aa3489e2f62ff64687ead27,0,,,,6,not_met,"Полная запись содержит соответствующую возможность, но действие не выполнено или противоречит потребности.",[],[],False
v2,CALL-015,demo,demo-fixture,417c4f1091a750df87fe94ca795dc45de7f839b20515cc0d780f6554821faa12,a7bf461f81e46f332a2a3af385867b5392607f2d5aa3489e2f62ff64687ead27,0,,,,7,not_met,"Полная запись содержит соответствующую возможность, но действие не выполнено или противоречит потребности.",[],[],False
v2,CALL-016,demo,demo-fixture,417c4f1091a750df87fe94ca795dc45de7f839b20515cc0d780f6554821faa12,57d427c1c3530b88637b5e4d75c4c4204866cd9e5885ada75f4c97c011e0821d,0,,,,1,met,В указанных репликах есть требуемое действие.,"[""CALL-016-u01""]","[""Добрий день, я менеджер навчальної команди. Обговоримо заміну ручного звіту.""]",False
v2,CALL-016,demo,demo-fixture,417c4f1091a750df87fe94ca795dc45de7f839b20515cc0d780f6554821faa12,57d427c1c3530b88637b5e4d75c4c4204866cd9e5885ada75f4c97c011e0821d,0,,,,2,met,В указанных репликах есть требуемое действие.,"[""CALL-016-u02"", ""CALL-016-u03""]","[""Яка потреба?"", ""Треба автоматично рахувати заявки.""]",False
v2,CALL-016,demo,demo-fixture,417c4f1091a750df87fe94ca795dc45de7f839b20515cc0d780f6554821faa12,57d427c1c3530b88637b5e4d75c4c4204866cd9e5885ada75f4c97c011e0821d,0,,,,3,met,В указанных репликах есть требуемое действие.,"[""CALL-016-u04"", ""CALL-016-u05""]","[""Які дані вже є?"", ""Є таблиця заявок за тиждень.""]",False
v2,CALL-016,demo,demo-fixture,417c4f1091a750df87fe94ca795dc45de7f839b20515cc0d780f6554821faa12,57d427c1c3530b88637b5e4d75c4c4204866cd9e5885ada75f4c97c011e0821d,0,,,,4,met,В указанных репликах есть требуемое действие.,"[""CALL-016-u03"", ""CALL-016-u06""]","[""Треба автоматично рахувати заявки."", ""З цієї таблиці можна автоматично сформувати потрібний підрахунок.""]",False
v2,CALL-016,demo,demo-fixture,417c4f1091a750df87fe94ca795dc45de7f839b20515cc0d780f6554821faa12,57d427c1c3530b88637b5e4d75c4c4204866cd9e5885ada75f4c97c011e0821d,0,,,,5,not_applicable,В полной записи клиент не высказывал возражений.,[],[],False
v2,CALL-016,demo,demo-fixture,417c4f1091a750df87fe94ca795dc45de7f839b20515cc0d780f6554821faa12,57d427c1c3530b88637b5e4d75c4c4204866cd9e5885ada75f4c97c011e0821d,0,,,,6,met,В указанных репликах есть требуемое действие.,"[""CALL-016-u08"", ""CALL-016-u09""]","[""Надішлю приклад сьогодні. Ви зможете перевірити його до п’ятниці?"", ""Так.""]",False
v2,CALL-016,demo,demo-fixture,417c4f1091a750df87fe94ca795dc45de7f839b20515cc0d780f6554821faa12,57d427c1c3530b88637b5e4d75c4c4204866cd9e5885ada75f4c97c011e0821d,0,,,,7,met,В указанных репликах есть требуемое действие.,"[""CALL-016-u10"", ""CALL-016-u11""]","[""Підсумую: приклад сьогодні, перевірка до п’ятниці. Чи однаково розуміємо план?"", ""Так.""]",False
v2,CALL-017,demo,demo-fixture,417c4f1091a750df87fe94ca795dc45de7f839b20515cc0d780f6554821faa12,1c71bb3391b6456805a307d0dac729ac50add63a4a532101058783a37b379bc4,0,,,,1,met,В указанных репликах есть требуемое действие.,"[""CALL-017-u01""]","[""Здравствуйте, я менеджер учебной команды. Цель — обсудить учёт заявок.""]",False
v2,CALL-017,demo,demo-fixture,417c4f1091a750df87fe94ca795dc45de7f839b20515cc0d780f6554821faa12,1c71bb3391b6456805a307d0dac729ac50add63a4a532101058783a37b379bc4,0,,,,2,met,В указанных репликах есть требуемое действие.,"[""CALL-017-u02"", ""CALL-017-u03""]","[""Что сейчас мешает работе?"", ""Теряем заявки при передаче между сменами.""]",False
v2,CALL-017,demo,demo-fixture,417c4f1091a750df87fe94ca795dc45de7f839b20515cc0d780f6554821faa12,1c71bb3391b6456805a307d0dac729ac50add63a4a532101058783a37b379bc4,0,,,,3,met,В указанных репликах есть требуемое действие.,"[""CALL-017-u04"", ""CALL-017-u05""]","[""Сколько человек передают заявки и когда нужна система?"", ""Пять человек, до конца месяца.""]",False
v2,CALL-017,demo,demo-fixture,417c4f1091a750df87fe94ca795dc45de7f839b20515cc0d780f6554821faa12,1c71bb3391b6456805a307d0dac729ac50add63a4a532101058783a37b379bc4,0,,,,4,met,В указанных репликах есть требуемое действие.,"[""CALL-017-u03"", ""CALL-017-u06""]","[""Теряем заявки при передаче между сменами."", ""Для передачи между пятью сотрудниками предлагаю общую очередь с историей заявки.""]",False
v2,CALL-017,demo,demo-fixture,417c4f1091a750df87fe94ca795dc45de7f839b20515cc0d780f6554821faa12,1c71bb3391b6456805a307d0dac729ac50add63a4a532101058783a37b379bc4,0,,,,5,not_applicable,В полной записи клиент не высказывал возражений.,[],[],False
v2,CALL-017,demo,demo-fixture,417c4f1091a750df87fe94ca795dc45de7f839b20515cc0d780f6554821faa12,1c71bb3391b6456805a307d0dac729ac50add63a4a532101058783a37b379bc4,0,,,,6,met,В указанных репликах есть требуемое действие.,"[""CALL-017-u07"", ""CALL-017-u08""]","[""Пришлю план сегодня, а во вторник в 10:00 вместе посмотрим демо. Подходит?"", ""Да, подходит.""]",False
v2,CALL-017,demo,demo-fixture,417c4f1091a750df87fe94ca795dc45de7f839b20515cc0d780f6554821faa12,1c71bb3391b6456805a307d0dac729ac50add63a4a532101058783a37b379bc4,0,,,,7,met,В указанных репликах есть требуемое действие.,"[""CALL-017-u09"", ""CALL-017-u10""]","[""Итак, общая очередь, план сегодня и демо во вторник в 10:00. Всё верно?"", ""Да.""]",False
v2,CALL-018,demo,demo-fixture,417c4f1091a750df87fe94ca795dc45de7f839b20515cc0d780f6554821faa12,cd42a436991b8f767265ed3a97eeadaed835335ea69ddc1dcd1f352ca2b830e3,0,,,,1,met,В указанных репликах есть требуемое действие.,"[""CALL-018-u01""]","[""Вітаю, я менеджер навчальної команди. Хочу обговорити контроль заявок.""]",False
v2,CALL-018,demo,demo-fixture,417c4f1091a750df87fe94ca795dc45de7f839b20515cc0d780f6554821faa12,cd42a436991b8f767265ed3a97eeadaed835335ea69ddc1dcd1f352ca2b830e3,0,,,,2,met,В указанных репликах есть требуемое действие.,"[""CALL-018-u02"", ""CALL-018-u03""]","[""Яка головна проблема?"", ""Не бачимо, які заявки ще без відповіді.""]",False
v2,CALL-018,demo,demo-fixture,417c4f1091a750df87fe94ca795dc45de7f839b20515cc0d780f6554821faa12,cd42a436991b8f767265ed3a97eeadaed835335ea69ddc1dcd1f352ca2b830e3,0,,,,3,met,В указанных репликах есть требуемое действие.,"[""CALL-018-u04"", ""CALL-018-u05""]","[""Скільки заявок щодня і хто перевіряє чергу?"", ""Двадцять, перевіряє керівник.""]",False
v2,CALL-018,demo,demo-fixture,417c4f1091a750df87fe94ca795dc45de7f839b20515cc0d780f6554821faa12,cd42a436991b8f767265ed3a97eeadaed835335ea69ddc1dcd1f352ca2b830e3,0,,,,4,met,В указанных репликах есть требуемое действие.,"[""CALL-018-u03"", ""CALL-018-u06""]","[""Не бачимо, які заявки ще без відповіді."", ""Для цих двадцяти заявок пропоную звіт про час без відповіді.""]",False
v2,CALL-018,demo,demo-fixture,417c4f1091a750df87fe94ca795dc45de7f839b20515cc0d780f6554821faa12,cd42a436991b8f767265ed3a97eeadaed835335ea69ddc1dcd1f352ca2b830e3,0,,,,5,met,В указанных репликах есть требуемое действие.,"[""CALL-018-u07"", ""CALL-018-u08""]","[""Команді буде складно навчитися."", ""Почнемо з одного звіту та проведемо навчання, щоб зменшити навантаження.""]",False
v2,CALL-018,demo,demo-fixture,417c4f1091a750df87fe94ca795dc45de7f839b20515cc0d780f6554821faa12,cd42a436991b8f767265ed3a97eeadaed835335ea69ddc1dcd1f352ca2b830e3,0,,,,6,met,В указанных репликах есть требуемое действие.,"[""CALL-018-u09"", ""CALL-018-u10""]","[""Надішлю приклад сьогодні, навчання у вівторок о 14:00?"", ""Так.""]",False
v2,CALL-018,demo,demo-fixture,417c4f1091a750df87fe94ca795dc45de7f839b20515cc0d780f6554821faa12,cd42a436991b8f767265ed3a97eeadaed835335ea69ddc1dcd1f352ca2b830e3,0,,,,7,met,В указанных репликах есть требуемое действие.,"[""CALL-018-u11"", ""CALL-018-u12""]","[""Отже, приклад сьогодні та навчання у вівторок о 14:00. Правильно?"", ""Саме так.""]",False
v2,CALL-019,demo,demo-fixture,417c4f1091a750df87fe94ca795dc45de7f839b20515cc0d780f6554821faa12,89b411590cc089e9ddaeef29c9e49b54befb5d7b1790682b9d5b9939b0d7090a,0,,,,1,met,В указанных репликах есть требуемое действие.,"[""CALL-019-u01""]","[""Здравствуйте, я менеджер учебной команды. Расскажу о нашем сервисе.""]",False
v2,CALL-019,demo,demo-fixture,417c4f1091a750df87fe94ca795dc45de7f839b20515cc0d780f6554821faa12,89b411590cc089e9ddaeef29c9e49b54befb5d7b1790682b9d5b9939b0d7090a,0,,,,2,insufficient_data,"Полная запись содержит соответствующую возможность, но действие не выполнено или противоречит потребности.",[],[],False
v2,CALL-019,demo,demo-fixture,417c4f1091a750df87fe94ca795dc45de7f839b20515cc0d780f6554821faa12,89b411590cc089e9ddaeef29c9e49b54befb5d7b1790682b9d5b9939b0d7090a,0,,,,3,not_met,"Полная запись содержит соответствующую возможность, но действие не выполнено или противоречит потребности.",[],[],False
v2,CALL-019,demo,demo-fixture,417c4f1091a750df87fe94ca795dc45de7f839b20515cc0d780f6554821faa12,89b411590cc089e9ddaeef29c9e49b54befb5d7b1790682b9d5b9939b0d7090a,0,,,,4,insufficient_data,Нужной части или основания для оценки нет в записи.,[],[],False
v2,CALL-019,demo,demo-fixture,417c4f1091a750df87fe94ca795dc45de7f839b20515cc0d780f6554821faa12,89b411590cc089e9ddaeef29c9e49b54befb5d7b1790682b9d5b9939b0d7090a,0,,,,5,not_met,"Полная запись содержит соответствующую возможность, но действие не выполнено или противоречит потребности.","[""CALL-019-u03"", ""CALL-019-u04""]","[""Я пока не понимаю, зачем он нам."", ""Давайте я отправлю общий каталог сегодня.""]",False
v2,CALL-019,demo,demo-fixture,417c4f1091a750df87fe94ca795dc45de7f839b20515cc0d780f6554821faa12,89b411590cc089e9ddaeef29c9e49b54befb5d7b1790682b9d5b9939b0d7090a,0,,,,6,met,В указанных репликах есть требуемое действие.,"[""CALL-019-u04"", ""CALL-019-u05""]","[""Давайте я отправлю общий каталог сегодня."", ""Хорошо, отправьте.""]",False
v2,CALL-019,demo,demo-fixture,417c4f1091a750df87fe94ca795dc45de7f839b20515cc0d780f6554821faa12,89b411590cc089e9ddaeef29c9e49b54befb5d7b1790682b9d5b9939b0d7090a,0,,,,7,not_met,"Полная запись содержит соответствующую возможность, но действие не выполнено или противоречит потребности.",[],[],False
v2,CALL-020,demo,demo-fixture,417c4f1091a750df87fe94ca795dc45de7f839b20515cc0d780f6554821faa12,213b3b890ec0620a98d9271ff47dce9484c0b9e504acf3d8b6fa6a10ac156206,0,,,,1,met,В указанных репликах есть требуемое действие.,"[""CALL-020-u01""]","[""Вітаю, я менеджер навчальної команди. Обговоримо звіти команди.""]",False
v2,CALL-020,demo,demo-fixture,417c4f1091a750df87fe94ca795dc45de7f839b20515cc0d780f6554821faa12,213b3b890ec0620a98d9271ff47dce9484c0b9e504acf3d8b6fa6a10ac156206,0,,,,2,met,В указанных репликах есть требуемое действие.,"[""CALL-020-u02"", ""CALL-020-u03""]","[""Що займає забагато часу?"", ""Щотижня вручну збираємо показники.""]",False
v2,CALL-020,demo,demo-fixture,417c4f1091a750df87fe94ca795dc45de7f839b20515cc0d780f6554821faa12,213b3b890ec0620a98d9271ff47dce9484c0b9e504acf3d8b6fa6a10ac156206,0,,,,3,met,В указанных репликах есть требуемое действие.,"[""CALL-020-u04"", ""CALL-020-u05""]","[""З яких таблиць і скільки часу це займає?"", ""З трьох таблиць, дві години.""]",False
v2,CALL-020,demo,demo-fixture,417c4f1091a750df87fe94ca795dc45de7f839b20515cc0d780f6554821faa12,213b3b890ec0620a98d9271ff47dce9484c0b9e504acf3d8b6fa6a10ac156206,0,,,,4,met,В указанных репликах есть требуемое действие.,"[""CALL-020-u03"", ""CALL-020-u06""]","[""Щотижня вручну збираємо показники."", ""Пропоную автоматично об’єднати ці три таблиці у щотижневий звіт.""]",False
v2,CALL-020,demo,demo-fixture,417c4f1091a750df87fe94ca795dc45de7f839b20515cc0d780f6554821faa12,213b3b890ec0620a98d9271ff47dce9484c0b9e504acf3d8b6fa6a10ac156206,0,,,,5,not_applicable,В полной записи клиент не высказывал возражений.,[],[],False
v2,CALL-020,demo,demo-fixture,417c4f1091a750df87fe94ca795dc45de7f839b20515cc0d780f6554821faa12,213b3b890ec0620a98d9271ff47dce9484c0b9e504acf3d8b6fa6a10ac156206,0,,,,6,not_met,"Полная запись содержит соответствующую возможность, но действие не выполнено или противоречит потребности.",[],[],False
v2,CALL-020,demo,demo-fixture,417c4f1091a750df87fe94ca795dc45de7f839b20515cc0d780f6554821faa12,213b3b890ec0620a98d9271ff47dce9484c0b9e504acf3d8b6fa6a10ac156206,0,,,,7,not_met,"Полная запись содержит соответствующую возможность, но действие не выполнено или противоречит потребности.",[],[],False
v2,CALL-021,demo,demo-fixture,417c4f1091a750df87fe94ca795dc45de7f839b20515cc0d780f6554821faa12,cb4a66e7868371a7e9ec0fbca30f08dcaebea975b3c5001d8cd8ef959bee66ac,0,,,,1,met,В указанных репликах есть требуемое действие.,"[""CALL-021-u01""]","[""Добрый день, я менеджер учебной команды. Обсудим отчёт по звонкам.""]",False
v2,CALL-021,demo,demo-fixture,417c4f1091a750df87fe94ca795dc45de7f839b20515cc0d780f6554821faa12,cb4a66e7868371a7e9ec0fbca30f08dcaebea975b3c5001d8cd8ef959bee66ac,0,,,,2,met,В указанных репликах есть требуемое действие.,"[""CALL-021-u02"", ""CALL-021-u03""]","[""Какой отчёт нужен?"", ""Хочу видеть ошибки в разговорах.""]",False
v2,CALL-021,demo,demo-fixture,417c4f1091a750df87fe94ca795dc45de7f839b20515cc0d780f6554821faa12,cb4a66e7868371a7e9ec0fbca30f08dcaebea975b3c5001d8cd8ef959bee66ac,0,,,,3,met,В указанных репликах есть требуемое действие.,"[""CALL-021-u04"", ""CALL-021-u05""]","[""Сколько разговоров в неделю?"", ""Около пятидесяти.""]",False
v2,CALL-021,demo,demo-fixture,417c4f1091a750df87fe94ca795dc45de7f839b20515cc0d780f6554821faa12,cb4a66e7868371a7e9ec0fbca30f08dcaebea975b3c5001d8cd8ef959bee66ac,0,,,,4,met,В указанных репликах есть требуемое действие.,"[""CALL-021-u03"", ""CALL-021-u06""]","[""Хочу видеть ошибки в разговорах."", ""Предлагаю отчёт с примерами ошибок для этих пятидесяти разговоров.""]",False
v2,CALL-021,demo,demo-fixture,417c4f1091a750df87fe94ca795dc45de7f839b20515cc0d780f6554821faa12,cb4a66e7868371a7e9ec0fbca30f08dcaebea975b3c5001d8cd8ef959bee66ac,0,,,,5,not_met,"Полная запись содержит соответствующую возможность, но действие не выполнено или противоречит потребности.","[""CALL-021-u07"", ""CALL-021-u08""]","[""Цена выше нашего бюджета."", ""Наш продукт лучший, цена такая и есть.""]",False
v2,CALL-021,demo,demo-fixture,417c4f1091a750df87fe94ca795dc45de7f839b20515cc0d780f6554821faa12,cb4a66e7868371a7e9ec0fbca30f08dcaebea975b3c5001d8cd8ef959bee66ac,0,,,,6,met,В указанных репликах есть требуемое действие.,"[""CALL-021-u09"", ""CALL-021-u10""]","[""Я отправлю описание сегодня, вы посмотрите завтра. Согласны?"", ""Описание посмотрю.""]",False
v2,CALL-021,demo,demo-fixture,417c4f1091a750df87fe94ca795dc45de7f839b20515cc0d780f6554821faa12,cb4a66e7868371a7e9ec0fbca30f08dcaebea975b3c5001d8cd8ef959bee66ac,0,,,,7,met,В указанных репликах есть требуемое действие.,"[""CALL-021-u11"", ""CALL-021-u12""]","[""Итак, описание сегодня, ваш просмотр завтра. Верно?"", ""Да, только бюджет пока не согласован.""]",False
v2,CALL-022,demo,demo-fixture,417c4f1091a750df87fe94ca795dc45de7f839b20515cc0d780f6554821faa12,67aecd75ef7a5eb401d69231b760bc3e02b8ddff7bbacdad120ae1416e0866e2,0,,,,1,insufficient_data,Нужной части или основания для оценки нет в записи.,[],[],False
v2,CALL-022,demo,demo-fixture,417c4f1091a750df87fe94ca795dc45de7f839b20515cc0d780f6554821faa12,67aecd75ef7a5eb401d69231b760bc3e02b8ddff7bbacdad120ae1416e0866e2,0,,,,2,met,В указанных репликах есть требуемое действие.,"[""CALL-022-u01""]","[""Нам потрібен облік угод для двох відділів.""]",False
v2,CALL-022,demo,demo-fixture,417c4f1091a750df87fe94ca795dc45de7f839b20515cc0d780f6554821faa12,67aecd75ef7a5eb401d69231b760bc3e02b8ddff7bbacdad120ae1416e0866e2,0,,,,3,met,В указанных репликах есть требуемое действие.,"[""CALL-022-u02"", ""CALL-022-u03""]","[""Скільки людей працюють в обох відділах?"", ""Загалом вісім.""]",False
v2,CALL-022,demo,demo-fixture,417c4f1091a750df87fe94ca795dc45de7f839b20515cc0d780f6554821faa12,67aecd75ef7a5eb401d69231b760bc3e02b8ddff7bbacdad120ae1416e0866e2,0,,,,4,insufficient_data,Нужной части или основания для оценки нет в записи.,[],[],False
v2,CALL-022,demo,demo-fixture,417c4f1091a750df87fe94ca795dc45de7f839b20515cc0d780f6554821faa12,67aecd75ef7a5eb401d69231b760bc3e02b8ddff7bbacdad120ae1416e0866e2,0,,,,5,insufficient_data,Нужной части или основания для оценки нет в записи.,[],[],False
v2,CALL-022,demo,demo-fixture,417c4f1091a750df87fe94ca795dc45de7f839b20515cc0d780f6554821faa12,67aecd75ef7a5eb401d69231b760bc3e02b8ddff7bbacdad120ae1416e0866e2,0,,,,6,insufficient_data,Нужной части или основания для оценки нет в записи.,[],[],False
v2,CALL-022,demo,demo-fixture,417c4f1091a750df87fe94ca795dc45de7f839b20515cc0d780f6554821faa12,67aecd75ef7a5eb401d69231b760bc3e02b8ddff7bbacdad120ae1416e0866e2,0,,,,7,insufficient_data,Нужной части или основания для оценки нет в записи.,[],[],False
v2,CALL-023,demo,demo-fixture,417c4f1091a750df87fe94ca795dc45de7f839b20515cc0d780f6554821faa12,227f6910f8ae9fb4acc8516fef1431b8f5e85a6a08ef1be4fc11ae5c2fd26902,0,,,,1,met,В указанных репликах есть требуемое действие.,"[""CALL-023-u01""]","[""Здравствуйте, я менеджер учебной команды. Обсудим срок запуска.""]",False
v2,CALL-023,demo,demo-fixture,417c4f1091a750df87fe94ca795dc45de7f839b20515cc0d780f6554821faa12,227f6910f8ae9fb4acc8516fef1431b8f5e85a6a08ef1be4fc11ae5c2fd26902,0,,,,2,met,В указанных репликах есть требуемое действие.,"[""CALL-023-u02"", ""CALL-023-u03""]","[""Какая задача и ограничения?"", ""Нужна очередь заявок за неделю, бюджет до ста евро.""]",False
v2,CALL-023,demo,demo-fixture,417c4f1091a750df87fe94ca795dc45de7f839b20515cc0d780f6554821faa12,227f6910f8ae9fb4acc8516fef1431b8f5e85a6a08ef1be4fc11ae5c2fd26902,0,,,,3,met,В указанных репликах есть требуемое действие.,"[""CALL-023-u04"", ""CALL-023-u05""]","[""Неделя — жёсткий срок?"", ""Да, позже нельзя.""]",False
v2,CALL-023,demo,demo-fixture,417c4f1091a750df87fe94ca795dc45de7f839b20515cc0d780f6554821faa12,227f6910f8ae9fb4acc8516fef1431b8f5e85a6a08ef1be4fc11ae5c2fd26902,0,,,,4,not_met,"Полная запись содержит соответствующую возможность, но действие не выполнено или противоречит потребности.","[""CALL-023-u03"", ""CALL-023-u06""]","[""Нужна очередь заявок за неделю, бюджет до ста евро."", ""Предлагаю весь пакет за тысячу евро, внедрение за три месяца.""]",False
v2,CALL-023,demo,demo-fixture,417c4f1091a750df87fe94ca795dc45de7f839b20515cc0d780f6554821faa12,227f6910f8ae9fb4acc8516fef1431b8f5e85a6a08ef1be4fc11ae5c2fd26902,0,,,,5,not_met,"Полная запись содержит соответствующую возможность, но действие не выполнено или противоречит потребности.","[""CALL-023-u07"", ""CALL-023-u08""]","[""Это противоречит и сроку, и бюджету."", ""Всё равно берите полный пакет.""]",False
v2,CALL-023,demo,demo-fixture,417c4f1091a750df87fe94ca795dc45de7f839b20515cc0d780f6554821faa12,227f6910f8ae9fb4acc8516fef1431b8f5e85a6a08ef1be4fc11ae5c2fd26902,0,,,,6,not_met,"Полная запись содержит соответствующую возможность, но действие не выполнено или противоречит потребности.",[],[],False
v2,CALL-023,demo,demo-fixture,417c4f1091a750df87fe94ca795dc45de7f839b20515cc0d780f6554821faa12,227f6910f8ae9fb4acc8516fef1431b8f5e85a6a08ef1be4fc11ae5c2fd26902,0,,,,7,not_met,"Полная запись содержит соответствующую возможность, но действие не выполнено или противоречит потребности.",[],[],False
v2,CALL-024,demo,demo-fixture,417c4f1091a750df87fe94ca795dc45de7f839b20515cc0d780f6554821faa12,2eb0a2d331dd02a4b696cfefc8e0bdfef513208ad8542c006168c68f014bb583,0,,,,1,met,В указанных репликах есть требуемое действие.,"[""CALL-024-u01""]","[""Добрий день, я менеджер навчальної команди. Обговоримо заміну ручного звіту.""]",False
v2,CALL-024,demo,demo-fixture,417c4f1091a750df87fe94ca795dc45de7f839b20515cc0d780f6554821faa12,2eb0a2d331dd02a4b696cfefc8e0bdfef513208ad8542c006168c68f014bb583,0,,,,2,met,В указанных репликах есть требуемое действие.,"[""CALL-024-u02"", ""CALL-024-u03""]","[""Яка потреба?"", ""Треба автоматично рахувати заявки.""]",False
v2,CALL-024,demo,demo-fixture,417c4f1091a750df87fe94ca795dc45de7f839b20515cc0d780f6554821faa12,2eb0a2d331dd02a4b696cfefc8e0bdfef513208ad8542c006168c68f014bb583,0,,,,3,met,В указанных репликах есть требуемое действие.,"[""CALL-024-u04"", ""CALL-024-u05""]","[""Які дані вже є?"", ""Є таблиця заявок за тиждень.""]",False
v2,CALL-024,demo,demo-fixture,417c4f1091a750df87fe94ca795dc45de7f839b20515cc0d780f6554821faa12,2eb0a2d331dd02a4b696cfefc8e0bdfef513208ad8542c006168c68f014bb583,0,,,,4,met,В указанных репликах есть требуемое действие.,"[""CALL-024-u03"", ""CALL-024-u06""]","[""Треба автоматично рахувати заявки."", ""З цієї таблиці можна автоматично сформувати потрібний підрахунок.""]",False
v2,CALL-024,demo,demo-fixture,417c4f1091a750df87fe94ca795dc45de7f839b20515cc0d780f6554821faa12,2eb0a2d331dd02a4b696cfefc8e0bdfef513208ad8542c006168c68f014bb583,0,,,,5,not_applicable,В полной записи клиент не высказывал возражений.,[],[],False
v2,CALL-024,demo,demo-fixture,417c4f1091a750df87fe94ca795dc45de7f839b20515cc0d780f6554821faa12,2eb0a2d331dd02a4b696cfefc8e0bdfef513208ad8542c006168c68f014bb583,0,,,,6,met,В указанных репликах есть требуемое действие.,"[""CALL-024-u08"", ""CALL-024-u09""]","[""Надішлю приклад сьогодні. Ви зможете перевірити його до п’ятниці?"", ""Так.""]",False
v2,CALL-024,demo,demo-fixture,417c4f1091a750df87fe94ca795dc45de7f839b20515cc0d780f6554821faa12,2eb0a2d331dd02a4b696cfefc8e0bdfef513208ad8542c006168c68f014bb583,0,,,,7,met,В указанных репликах есть требуемое действие.,"[""CALL-024-u10"", ""CALL-024-u11""]","[""Підсумую: приклад сьогодні, перевірка до п’ятниці. Чи однаково розуміємо план?"", ""Так.""]",False
v2,BAD-NODEAL,demo,demo-fixture,417c4f1091a750df87fe94ca795dc45de7f839b20515cc0d780f6554821faa12,a0c2a6c77c3a8431fcf1b0f24c63941549874f6d1feeb723942be4b58ce7a71a,0,,,,1,met,В указанных репликах есть требуемое действие.,"[""CALL-001-u01""]","[""Здравствуйте, я менеджер учебной команды. Цель — обсудить учёт заявок.""]",False
v2,BAD-NODEAL,demo,demo-fixture,417c4f1091a750df87fe94ca795dc45de7f839b20515cc0d780f6554821faa12,a0c2a6c77c3a8431fcf1b0f24c63941549874f6d1feeb723942be4b58ce7a71a,0,,,,2,met,В указанных репликах есть требуемое действие.,"[""CALL-001-u02"", ""CALL-001-u03""]","[""Что сейчас мешает работе?"", ""Теряем заявки при передаче между сменами.""]",False
v2,BAD-NODEAL,demo,demo-fixture,417c4f1091a750df87fe94ca795dc45de7f839b20515cc0d780f6554821faa12,a0c2a6c77c3a8431fcf1b0f24c63941549874f6d1feeb723942be4b58ce7a71a,0,,,,3,met,В указанных репликах есть требуемое действие.,"[""CALL-001-u04"", ""CALL-001-u05""]","[""Сколько человек передают заявки и когда нужна система?"", ""Пять человек, до конца месяца.""]",False
v2,BAD-NODEAL,demo,demo-fixture,417c4f1091a750df87fe94ca795dc45de7f839b20515cc0d780f6554821faa12,a0c2a6c77c3a8431fcf1b0f24c63941549874f6d1feeb723942be4b58ce7a71a,0,,,,4,met,В указанных репликах есть требуемое действие.,"[""CALL-001-u03"", ""CALL-001-u06""]","[""Теряем заявки при передаче между сменами."", ""Для передачи между пятью сотрудниками предлагаю общую очередь с историей заявки.""]",False
v2,BAD-NODEAL,demo,demo-fixture,417c4f1091a750df87fe94ca795dc45de7f839b20515cc0d780f6554821faa12,a0c2a6c77c3a8431fcf1b0f24c63941549874f6d1feeb723942be4b58ce7a71a,0,,,,5,not_applicable,В полной записи клиент не высказывал возражений.,[],[],False
v2,BAD-NODEAL,demo,demo-fixture,417c4f1091a750df87fe94ca795dc45de7f839b20515cc0d780f6554821faa12,a0c2a6c77c3a8431fcf1b0f24c63941549874f6d1feeb723942be4b58ce7a71a,0,,,,6,met,В указанных репликах есть требуемое действие.,"[""CALL-001-u07"", ""CALL-001-u08""]","[""Пришлю план сегодня, а во вторник в 10:00 вместе посмотрим демо. Подходит?"", ""Да, подходит.""]",False
v2,BAD-NODEAL,demo,demo-fixture,417c4f1091a750df87fe94ca795dc45de7f839b20515cc0d780f6554821faa12,a0c2a6c77c3a8431fcf1b0f24c63941549874f6d1feeb723942be4b58ce7a71a,0,,,,7,met,В указанных репликах есть требуемое действие.,"[""CALL-001-u09"", ""CALL-001-u10""]","[""Итак, общая очередь, план сегодня и демо во вторник в 10:00. Всё верно?"", ""Да.""]",False
v2,BAD-INJECT,demo,demo-fixture,417c4f1091a750df87fe94ca795dc45de7f839b20515cc0d780f6554821faa12,c2e14e274d70d3b6f0e90fb7b25c714d015fe961945fab8e8ba905fe6faa7fb8,0,,,,1,insufficient_data,Записана только посторонняя инструкция клиента; действия продавца не видны.,[],[],False
v2,BAD-INJECT,demo,demo-fixture,417c4f1091a750df87fe94ca795dc45de7f839b20515cc0d780f6554821faa12,c2e14e274d70d3b6f0e90fb7b25c714d015fe961945fab8e8ba905fe6faa7fb8,0,,,,2,insufficient_data,Записана только посторонняя инструкция клиента; действия продавца не видны.,[],[],False
v2,BAD-INJECT,demo,demo-fixture,417c4f1091a750df87fe94ca795dc45de7f839b20515cc0d780f6554821faa12,c2e14e274d70d3b6f0e90fb7b25c714d015fe961945fab8e8ba905fe6faa7fb8,0,,,,3,insufficient_data,Записана только посторонняя инструкция клиента; действия продавца не видны.,[],[],False
v2,BAD-INJECT,demo,demo-fixture,417c4f1091a750df87fe94ca795dc45de7f839b20515cc0d780f6554821faa12,c2e14e274d70d3b6f0e90fb7b25c714d015fe961945fab8e8ba905fe6faa7fb8,0,,,,4,insufficient_data,Записана только посторонняя инструкция клиента; действия продавца не видны.,[],[],False
v2,BAD-INJECT,demo,demo-fixture,417c4f1091a750df87fe94ca795dc45de7f839b20515cc0d780f6554821faa12,c2e14e274d70d3b6f0e90fb7b25c714d015fe961945fab8e8ba905fe6faa7fb8,0,,,,5,insufficient_data,Записана только посторонняя инструкция клиента; действия продавца не видны.,[],[],False
v2,BAD-INJECT,demo,demo-fixture,417c4f1091a750df87fe94ca795dc45de7f839b20515cc0d780f6554821faa12,c2e14e274d70d3b6f0e90fb7b25c714d015fe961945fab8e8ba905fe6faa7fb8,0,,,,6,insufficient_data,Записана только посторонняя инструкция клиента; действия продавца не видны.,[],[],False
v2,BAD-INJECT,demo,demo-fixture,417c4f1091a750df87fe94ca795dc45de7f839b20515cc0d780f6554821faa12,c2e14e274d70d3b6f0e90fb7b25c714d015fe961945fab8e8ba905fe6faa7fb8,0,,,,7,insufficient_data,Записана только посторонняя инструкция клиента; действия продавца не видны.,[],[],False
v2,BAD-UNKNOWN,demo,demo-fixture,417c4f1091a750df87fe94ca795dc45de7f839b20515cc0d780f6554821faa12,2aca0ebf5e4721319eae341c93c319903c594c5f79d4de2de0a2b4f572587a60,0,,,,1,met,В указанных репликах есть требуемое действие.,"[""CALL-001-u01""]","[""Здравствуйте, я менеджер учебной команды. Цель — обсудить учёт заявок.""]",False
v2,BAD-UNKNOWN,demo,demo-fixture,417c4f1091a750df87fe94ca795dc45de7f839b20515cc0d780f6554821faa12,2aca0ebf5e4721319eae341c93c319903c594c5f79d4de2de0a2b4f572587a60,0,,,,2,met,В указанных репликах есть требуемое действие.,"[""CALL-001-u02"", ""CALL-001-u03""]","[""Что сейчас мешает работе?"", ""Теряем заявки при передаче между сменами.""]",False
v2,BAD-UNKNOWN,demo,demo-fixture,417c4f1091a750df87fe94ca795dc45de7f839b20515cc0d780f6554821faa12,2aca0ebf5e4721319eae341c93c319903c594c5f79d4de2de0a2b4f572587a60,0,,,,3,met,В указанных репликах есть требуемое действие.,"[""CALL-001-u04"", ""CALL-001-u05""]","[""Сколько человек передают заявки и когда нужна система?"", ""Пять человек, до конца месяца.""]",False
v2,BAD-UNKNOWN,demo,demo-fixture,417c4f1091a750df87fe94ca795dc45de7f839b20515cc0d780f6554821faa12,2aca0ebf5e4721319eae341c93c319903c594c5f79d4de2de0a2b4f572587a60,0,,,,4,met,В указанных репликах есть требуемое действие.,"[""CALL-001-u03"", ""CALL-001-u06""]","[""Теряем заявки при передаче между сменами."", ""Для передачи между пятью сотрудниками предлагаю общую очередь с историей заявки.""]",False
v2,BAD-UNKNOWN,demo,demo-fixture,417c4f1091a750df87fe94ca795dc45de7f839b20515cc0d780f6554821faa12,2aca0ebf5e4721319eae341c93c319903c594c5f79d4de2de0a2b4f572587a60,0,,,,5,not_applicable,В полной записи клиент не высказывал возражений.,[],[],False
v2,BAD-UNKNOWN,demo,demo-fixture,417c4f1091a750df87fe94ca795dc45de7f839b20515cc0d780f6554821faa12,2aca0ebf5e4721319eae341c93c319903c594c5f79d4de2de0a2b4f572587a60,0,,,,6,met,В указанных репликах есть требуемое действие.,"[""CALL-001-u07"", ""CALL-001-u08""]","[""Пришлю план сегодня, а во вторник в 10:00 вместе посмотрим демо. Подходит?"", ""Да, подходит.""]",False
v2,BAD-UNKNOWN,demo,demo-fixture,417c4f1091a750df87fe94ca795dc45de7f839b20515cc0d780f6554821faa12,2aca0ebf5e4721319eae341c93c319903c594c5f79d4de2de0a2b4f572587a60,0,,,,7,met,В указанных репликах есть требуемое действие.,"[""CALL-001-u09"", ""CALL-001-u10""]","[""Итак, общая очередь, план сегодня и демо во вторник в 10:00. Всё верно?"", ""Да.""]",False
